{"type": "FeatureCollection", "features": [{"type": "Feature", "geometry": {"type": "Point", "coordinates": [158.1967, 6.9783]}, "properties": {"name": "Pohnpei", "timezone_name": "Pacific/Pohnpei", "uhslc_id": 1, "uhslc_code": "deke", "ssc_id": "deke", "gloss_id": 115, "country": "Micronesia, Federated States of", "country_code": "583", "country_code_alpha": "FM", "fd_span": {"oldest": "2001-12-17", "latest": "2026-06-30"}, "rq_span": {"oldest": "1969-05-08", "latest": "2021-12-31"}, "rq_basin": "pacific", "rq_versions": {"a": {"begin": "1969-05-08", "end": "1971-02-28", "coordinates": [158.2333, 6.9833]}, "b": {"begin": "1974-04-21", "end": "2004-12-31", "coordinates": [158.2433, 6.9867]}, "c": {"begin": "2001-12-16", "end": "2021-12-31", "coordinates": [158.1967, 6.9783]}}}}, {"type": "Feature", "geometry": {"type": "Point", "coordinates": [172.93, 1.3633]}, "properties": {"name": "Tarawa", "timezone_name": "Pacific/Tarawa", "uhslc_id": 2, "uhslc_code": "tara", "ssc_id": "tara", "gloss_id": 113, "country": "Kiribati", "country_code": "296", "country_code_alpha": "KI", "fd_span": {"oldest": "1992-12-04", "latest": "2026-06-30"}, "rq_span": {"oldest": "1974-05-03", "latest": "2021-12-31"}, "rq_basin": "pacific", "rq_versions": {"a": {"begin": "1974-05-03", "end": "1983-12-31", "coordinates": [172.935, 1.3583]}, "b": {"begin": "1983-05-17", "end": "1988-05-10", "coordinates": [173.0133, 1.3317]}, "c": {"begin": "1988-01-20", "end": "1997-12-31", "coordinates": [172.93, 1.3617]}, "d": {"begin": "1992-12-04", "end": "2021-12-31", "coordinates": [172.93, 1.3633]}}}}, {"type": "Feature", "geometry": {"type": "Point", "coordinates": [269.71447, -0.43656]}, "properties": {"name": "Baltra", "timezone_name": "Pacific/Galapagos", "uhslc_id": 3, "uhslc_code": "balt", "ssc_id": "balt", "gloss_id": 169, "country": "Ecuador", "country_code": "218", "country_code_alpha": "EC", "fd_span": {"oldest": "1985-03-26", "latest": "2026-06-30"}, "rq_span": {"oldest": "1968-06-01", "latest": "2024-12-31"}, "rq_basin": "pacific", "rq_versions": {"a": {"begin": "1968-06-01", "end": "1977-12-31", "coordinates": [269.71500000000003, -0.435]}, "b": {"begin": "1985-03-25", "end": "2024-12-31", "coordinates": [269.71447, -0.43656]}}}}, {"type": "Feature", "geometry": {"type": "Point", "coordinates": [166.91, -0.5317]}, "properties": {"name": "Nauru", "timezone_name": "Pacific/Nauru", "uhslc_id": 4, "uhslc_code": "naur", "ssc_id": "naur", "gloss_id": 114, "country": "Nauru", "country_code": "520", "country_code_alpha": "NR", "fd_span": {"oldest": "1993-07-08", "latest": "2026-06-30"}, "rq_span": {"oldest": "1974-05-07", "latest": "2021-12-31"}, "rq_basin": "pacific", "rq_versions": {"a": {"begin": "1974-05-07", "end": "1995-01-04", "coordinates": [166.905, -0.5283]}, "b": {"begin": "1993-07-08", "end": "2021-12-31", "coordinates": [166.91, -0.5317]}}}}, {"type": "Feature", "geometry": {"type": "Point", "coordinates": [171.3717, 7.1083]}, "properties": {"name": "Majuro", "timezone_name": "Pacific/Majuro", "uhslc_id": 5, "uhslc_code": "majb", "ssc_id": "majb", "gloss_id": 112, "country": "Marshall Islands", "country_code": "584", "country_code_alpha": "MH", "fd_span": {"oldest": "1993-05-14", "latest": "2026-06-30"}, "rq_span": {"oldest": "1968-10-06", "latest": "2021-12-31"}, "rq_basin": "pacific", "rq_versions": {"a": {"begin": "1968-10-06", "end": "1999-12-31", "coordinates": [171.3733, 7.1067]}, "b": {"begin": "1993-05-14", "end": "2021-12-31", "coordinates": [171.3717, 7.1083]}}}}, {"type": "Feature", "geometry": {"type": "Point", "coordinates": [134.45013, 7.32852]}, "properties": {"name": "Malakal", "timezone_name": "Pacific/Palau", "uhslc_id": 7, "uhslc_code": "mala", "ssc_id": "mala", "gloss_id": 120, "country": "Palau", "country_code": "585", "country_code_alpha": "PW", "fd_span": {"oldest": "1969-05-19", "latest": "2026-06-30"}, "rq_span": {"oldest": "1926-01-01", "latest": "2024-12-31"}, "rq_basin": "pacific", "rq_versions": {"a": {"begin": "1926-01-01", "end": "1939-12-10", "coordinates": [134.4833, 7.3333]}, "b": {"begin": "1969-05-18", "end": "2024-12-31", "coordinates": [134.45013, 7.32852]}}}}, {"type": "Feature", "geometry": {"type": "Point", "coordinates": [138.12466, 9.51426]}, "properties": {"name": "Yap", "timezone_name": "Pacific/Truk", "uhslc_id": 8, "uhslc_code": "yapa", "ssc_id": "yapi", "gloss_id": 119, "country": "Micronesia, Federated States of", "country_code": "583", "country_code_alpha": "FM", "fd_span": {"oldest": "1969-05-11", "latest": "2026-06-30"}, "rq_span": {"oldest": "1951-02-28", "latest": "2024-12-31"}, "rq_basin": "pacific", "rq_versions": {"a": {"begin": "1951-02-28", "end": "1952-12-31", "coordinates": [138.1333, 9.5167]}, "b": {"begin": "1969-05-10", "end": "2024-12-31", "coordinates": [138.12466, 9.51426]}}}}, {"type": "Feature", "geometry": {"type": "Point", "coordinates": [159.955, -9.4217]}, "properties": {"name": "Honiara", "timezone_name": "Pacific/Guadalcanal", "uhslc_id": 9, "uhslc_code": "solo", "ssc_id": "solo", "gloss_id": 66, "country": "Solomon Islands", "country_code": "090", "country_code_alpha": "SB", "fd_span": {"oldest": "1994-07-28", "latest": "2026-06-30"}, "rq_span": {"oldest": "1974-11-20", "latest": "2021-12-30"}, "rq_basin": "pacific", "rq_versions": {"a": {"begin": "1974-11-20", "end": "1995-01-04", "coordinates": [159.9567, -9.425]}, "b": {"begin": "1994-07-28", "end": "2021-12-30", "coordinates": [159.955, -9.4217]}}}}, {"type": "Feature", "geometry": {"type": "Point", "coordinates": [202.51228, 2.00672]}, "properties": {"name": "Christmas", "timezone_name": "Pacific/Kiritimati", "uhslc_id": 11, "uhslc_code": "xmas", "ssc_id": "xmas", "gloss_id": 146, "country": "Kiribati", "country_code": "296", "country_code_alpha": "KI", "fd_span": {"oldest": "1974-02-07", "latest": "2026-06-30"}, "rq_span": {"oldest": "1955-12-01", "latest": "2024-12-31"}, "rq_basin": "pacific", "rq_versions": {"a": {"begin": "1955-12-01", "end": "1972-04-01", "coordinates": [202.5233, 1.985]}, "b": {"begin": "1974-02-06", "end": "2024-12-31", "coordinates": [202.51228, 2.00672]}}}}, {"type": "Feature", "geometry": {"type": "Point", "coordinates": [188.28575, -2.80758]}, "properties": {"name": "Kanton", "timezone_name": "Pacific/Enderbury", "uhslc_id": 13, "uhslc_code": "kant", "ssc_id": "kant", "gloss_id": 145, "country": "Kiribati", "country_code": "296", "country_code_alpha": "KI", "fd_span": {"oldest": "1972-05-02", "latest": "2026-06-30"}, "rq_span": {"oldest": "1949-05-28", "latest": "2024-01-22"}, "rq_basin": "pacific", "rq_versions": {"a": {"begin": "1949-05-28", "end": "1967-09-15", "coordinates": [188.2817, -2.81]}, "b": {"begin": "1972-05-02", "end": "2024-01-22", "coordinates": [188.28575, -2.80758]}}}}, {"type": "Feature", "geometry": {"type": "Point", "coordinates": [193.71102, 23.86781]}, "properties": {"name": "French Frigate Shoals", "timezone_name": "Pacific/Honolulu", "uhslc_id": 14, "uhslc_code": "fren", "ssc_id": "fren", "gloss_id": 107, "country": "United States of America", "country_code": "840", "country_code_alpha": "US", "fd_span": {"oldest": "2019-05-20", "latest": "2026-06-30"}, "rq_span": {"oldest": "1974-07-03", "latest": "2024-12-31"}, "rq_basin": "pacific", "rq_versions": {"a": {"begin": "1974-07-03", "end": "2007-03-06", "coordinates": [193.7117, 23.8683]}, "b": {"begin": "2007-05-26", "end": "2012-12-24", "coordinates": [193.71102, 23.86781]}, "c": {"begin": "2013-03-23", "end": "2018-10-04", "coordinates": [193.71102, 23.86781]}, "d": {"begin": "2019-05-19", "end": "2024-12-31", "coordinates": [193.71102, 23.86781]}}}}, {"type": "Feature", "geometry": {"type": "Point", "coordinates": [210.42734, -17.53309]}, "properties": {"name": "Papeete", "timezone_name": "Pacific/Tahiti", "uhslc_id": 15, "uhslc_code": "pape", "ssc_id": "pape", "gloss_id": 140, "country": "French Polynesia", "country_code": "258", "country_code_alpha": "PF", "fd_span": {"oldest": "1975-06-09", "latest": "2026-06-30"}, "rq_span": {"oldest": "1969-05-01", "latest": "2024-12-31"}, "rq_basin": "pacific", "rq_versions": {"a": {"begin": "1969-05-01", "end": "1975-05-31", "coordinates": [210.4333, -17.5317]}, "b": {"begin": "1975-06-08", "end": "2024-12-31", "coordinates": [210.42734, -17.53309]}}}}, {"type": "Feature", "geometry": {"type": "Point", "coordinates": [225.0467, -23.125]}, "properties": {"name": "Rikitea", "timezone_name": "Pacific/Gambier", "uhslc_id": 16, "uhslc_code": "riki", "ssc_id": "riki", "gloss_id": 138, "country": "French Polynesia", "country_code": "258", "country_code_alpha": "PF", "fd_span": {"oldest": "1969-10-06", "latest": "2026-06-30"}, "rq_span": {"oldest": "1969-10-05", "latest": "2021-09-17"}, "rq_basin": "pacific", "rq_versions": {"a": {"begin": "1969-10-05", "end": "2021-09-17", "coordinates": [225.0334, -23.12227]}}}}, {"type": "Feature", "geometry": {"type": "Point", "coordinates": [220.965, -9.805]}, "properties": {"name": "Hiva Oa", "timezone_name": "Pacific/Marquesas", "uhslc_id": 17, "uhslc_code": "hiva", "ssc_id": "hiva", "gloss_id": 0, "country": "French Polynesia", "country_code": "258", "country_code_alpha": "PF", "fd_span": {"oldest": "2010-09-05", "latest": "2026-06-30"}, "rq_span": {"oldest": "1977-10-28", "latest": "2017-09-04"}, "rq_basin": "pacific", "rq_versions": {"a": {"begin": "1977-10-28", "end": "1980-10-02", "coordinates": [220.9733, -9.81]}, "b": {"begin": "2010-09-05", "end": "2017-09-04", "coordinates": [220.965, -9.805]}}}}, {"type": "Feature", "geometry": {"type": "Point", "coordinates": [178.4283, -18.1333]}, "properties": {"name": "Suva", "timezone_name": "Pacific/Fiji", "uhslc_id": 18, "uhslc_code": "viti", "ssc_id": "viti", "gloss_id": 122, "country": "Fiji", "country_code": "242", "country_code_alpha": "FJ", "fd_span": {"oldest": "1998-01-27", "latest": "2026-06-30"}, "rq_span": {"oldest": "1972-09-30", "latest": "2021-12-31"}, "rq_basin": "pacific", "rq_versions": {"a": {"begin": "1972-09-30", "end": "1997-11-09", "coordinates": [178.4267, -18.1317]}, "b": {"begin": "1998-01-27", "end": "2021-12-31", "coordinates": [178.4283, -18.1333]}}}}, {"type": "Feature", "geometry": {"type": "Point", "coordinates": [166.4167, -22.2417]}, "properties": {"name": "Noumea", "timezone_name": "Pacific/Noumea", "uhslc_id": 19, "uhslc_code": "noum", "ssc_id": "noum", "gloss_id": 123, "country": "New Caledonia", "country_code": "540", "country_code_alpha": "NC", "fd_span": {"oldest": "1967-02-25", "latest": "2026-06-30"}, "rq_span": {"oldest": "1967-02-24", "latest": "2018-12-31"}, "rq_basin": "pacific", "rq_versions": {"a": {"begin": "1967-02-24", "end": "2018-12-31", "coordinates": [166.4167, -22.2417]}}}}, {"type": "Feature", "geometry": {"type": "Point", "coordinates": [281.17, -33.6367]}, "properties": {"name": "Juan Fernandez", "timezone_name": "America/Santiago", "uhslc_id": 21, "uhslc_code": "juan", "ssc_id": "juan", "gloss_id": 176, "country": "Chile", "country_code": "152", "country_code_alpha": "CL", "fd_span": {"oldest": "1985-09-05", "latest": "2026-06-30"}, "rq_span": {"oldest": "1977-01-26", "latest": "2018-12-31"}, "rq_basin": "pacific", "rq_versions": {"a": {"begin": "1977-01-26", "end": "1984-05-03", "coordinates": [281.1667, -33.6217]}, "b": {"begin": "1985-09-04", "end": "2018-12-31", "coordinates": [281.17, -33.6367]}}}}, {"type": "Feature", "geometry": {"type": "Point", "coordinates": [250.5267, -27.155]}, "properties": {"name": "Easter", "timezone_name": "Pacific/Easter", "uhslc_id": 22, "uhslc_code": "east", "ssc_id": "east", "gloss_id": 137, "country": "Chile", "country_code": "152", "country_code_alpha": "CL", "fd_span": {"oldest": "1970-04-03", "latest": "2026-06-30"}, "rq_span": {"oldest": "1957-01-16", "latest": "2018-12-31"}, "rq_basin": "pacific", "rq_versions": {"a": {"begin": "1957-01-16", "end": "1958-12-31", "coordinates": [250.55169999999998, -27.15]}, "b": {"begin": "1962-01-27", "end": "1963-04-17", "coordinates": [250.55169999999998, -27.15]}, "c": {"begin": "1970-04-02", "end": "2018-12-31", "coordinates": [250.5267, -27.155]}}}}, {"type": "Feature", "geometry": {"type": "Point", "coordinates": [200.2133, -21.2]}, "properties": {"name": "Rarotonga", "timezone_name": "Pacific/Rarotonga", "uhslc_id": 23, "uhslc_code": "raro", "ssc_id": "raro", "gloss_id": 139, "country": "Cook Islands", "country_code": "184", "country_code_alpha": "CK", "fd_span": {"oldest": "1993-02-20", "latest": "2026-06-30"}, "rq_span": {"oldest": "1977-04-24", "latest": "2021-12-31"}, "rq_basin": "pacific", "rq_versions": {"a": {"begin": "1977-04-24", "end": "1997-12-09", "coordinates": [200.225, -21.2067]}, "b": {"begin": "1993-02-20", "end": "2021-12-31", "coordinates": [200.2133, -21.2]}}}}, {"type": "Feature", "geometry": {"type": "Point", "coordinates": [201.94697, -8.97692]}, "properties": {"name": "Penrhyn", "timezone_name": "Pacific/Rarotonga", "uhslc_id": 24, "uhslc_code": "penr", "ssc_id": "penr", "gloss_id": 143, "country": "Cook Islands", "country_code": "184", "country_code_alpha": "CK", "fd_span": {"oldest": "1977-04-17", "latest": "2026-06-30"}, "rq_span": {"oldest": "1977-04-16", "latest": "2024-12-31"}, "rq_basin": "pacific", "rq_versions": {"a": {"begin": "1977-04-16", "end": "2024-12-31", "coordinates": [201.94697, -8.97692]}}}}, {"type": "Feature", "geometry": {"type": "Point", "coordinates": [179.21, -8.5033]}, "properties": {"name": "Funafuti", "timezone_name": "Pacific/Funafuti", "uhslc_id": 25, "uhslc_code": "funa", "ssc_id": "funa", "gloss_id": 121, "country": "Tuvalu", "country_code": "798", "country_code_alpha": "TV", "fd_span": {"oldest": "1993-03-24", "latest": "2026-06-30"}, "rq_span": {"oldest": "1977-10-17", "latest": "2021-12-31"}, "rq_basin": "pacific", "rq_versions": {"a": {"begin": "1977-10-17", "end": "1999-12-31", "coordinates": [179.195, -8.525]}, "b": {"begin": "1993-03-24", "end": "2021-12-31", "coordinates": [179.21, -8.5033]}}}}, {"type": "Feature", "geometry": {"type": "Point", "coordinates": [145.7367, 15.22634]}, "properties": {"name": "Saipan", "timezone_name": "Pacific/Saipan", "uhslc_id": 28, "uhslc_code": "saip", "ssc_id": "saip", "gloss_id": 118, "country": "Northern Mariana Islands", "country_code": "580", "country_code_alpha": "MP", "fd_span": {"oldest": "1978-09-19", "latest": "2026-04-14"}, "rq_span": {"oldest": "1938-03-02", "latest": "2024-12-31"}, "rq_basin": "pacific", "rq_versions": {"a": {"begin": "1938-03-02", "end": "1940-03-20", "coordinates": [145.7333, 15.2167]}, "b": {"begin": "1978-09-19", "end": "2024-12-31", "coordinates": [145.7367, 15.22634]}}}}, {"type": "Feature", "geometry": {"type": "Point", "coordinates": [154.80669, 1.07799]}, "properties": {"name": "Kapingamarangi", "timezone_name": "Pacific/Ponape", "uhslc_id": 29, "uhslc_code": "kapi", "ssc_id": "kapi", "gloss_id": 117, "country": "Micronesia, Federated States of", "country_code": "583", "country_code_alpha": "FM", "fd_span": {"oldest": "1978-09-09", "latest": "2026-06-30"}, "rq_span": {"oldest": "1978-09-08", "latest": "2024-12-31"}, "rq_basin": "pacific", "rq_versions": {"a": {"begin": "1978-09-08", "end": "2024-12-31", "coordinates": [154.80669, 1.07799]}}}}, {"type": "Feature", "geometry": {"type": "Point", "coordinates": [269.68735, -0.75521]}, "properties": {"name": "Santa Cruz", "timezone_name": "Pacific/Galapagos", "uhslc_id": 30, "uhslc_code": "sant", "ssc_id": "sant", "gloss_id": 0, "country": "Ecuador", "country_code": "218", "country_code_alpha": "EC", "fd_span": {"oldest": "1978-10-20", "latest": "2026-06-30"}, "rq_span": {"oldest": "1978-10-19", "latest": "2024-12-31"}, "rq_basin": "pacific", "rq_versions": {"a": {"begin": "1978-10-19", "end": "2024-12-31", "coordinates": [269.68735, -0.75521]}}}}, {"type": "Feature", "geometry": {"type": "Point", "coordinates": [219.90415, -8.91483]}, "properties": {"name": "Nuku Hiva", "timezone_name": "Pacific/Marquesas", "uhslc_id": 31, "uhslc_code": "nuku", "ssc_id": "nuku", "gloss_id": 142, "country": "French Polynesia", "country_code": "258", "country_code_alpha": "PF", "fd_span": {"oldest": "1982-04-01", "latest": "2026-06-30"}, "rq_span": {"oldest": "1982-04-01", "latest": "2024-12-31"}, "rq_basin": "pacific", "rq_versions": {"a": {"begin": "1982-04-01", "end": "2024-12-31", "coordinates": [219.90415, -8.91483]}}}}, {"type": "Feature", "geometry": {"type": "Point", "coordinates": [125.19045, 1.43896]}, "properties": {"name": "Bitung", "timezone_name": "Asia/Makassar", "uhslc_id": 33, "uhslc_code": "bitu", "ssc_id": "bitu", "gloss_id": 69, "country": "Indonesia", "country_code": "360", "country_code_alpha": "ID", "fd_span": {"oldest": "1986-12-15", "latest": "2026-06-30"}, "rq_span": {"oldest": "1986-12-14", "latest": "2018-12-31"}, "rq_basin": "pacific", "rq_versions": {"a": {"begin": "1986-12-14", "end": "2018-12-31", "coordinates": [125.19045, 1.43896]}}}}, {"type": "Feature", "geometry": {"type": "Point", "coordinates": [250.0917, 22.88]}, "properties": {"name": "Cabo San Lucas", "timezone_name": "America/Mazatlan", "uhslc_id": 34, "uhslc_code": "cabo", "ssc_id": "cabo", "gloss_id": 161, "country": "Mexico", "country_code": "484", "country_code_alpha": "MX", "fd_span": {"oldest": "1973-06-12", "latest": "2014-09-14"}, "rq_span": {"oldest": "1973-06-12", "latest": "2003-08-31"}, "rq_basin": "pacific", "rq_versions": {"a": {"begin": "1973-06-12", "end": "2003-08-31", "coordinates": [250.0917, 22.88]}}}}, {"type": "Feature", "geometry": {"type": "Point", "coordinates": [279.8917, -26.2917]}, "properties": {"name": "San Felix", "timezone_name": "America/Santiago", "uhslc_id": 35, "uhslc_code": "sanf", "ssc_id": "sanf", "gloss_id": 177, "country": "Chile", "country_code": "152", "country_code_alpha": "CL", "fd_span": {"oldest": "1987-11-07", "latest": "2026-06-30"}, "rq_span": {"oldest": "1987-11-06", "latest": "2018-12-31"}, "rq_basin": "pacific", "rq_versions": {"a": {"begin": "1987-11-06", "end": "2018-12-31", "coordinates": [279.8917, -26.2917]}}}}, {"type": "Feature", "geometry": {"type": "Point", "coordinates": [184.82, -21.14]}, "properties": {"name": "Nuku'alofa", "timezone_name": "Pacific/Tongatapu", "uhslc_id": 38, "uhslc_code": "nkfa", "ssc_id": "nkfa", "gloss_id": 125, "country": "Tonga", "country_code": "776", "country_code_alpha": "TO", "fd_span": {"oldest": "1990-06-21", "latest": "2026-06-30"}, "rq_span": {"oldest": "1990-06-20", "latest": "2021-12-31"}, "rq_basin": "pacific", "rq_versions": {"a": {"begin": "1990-06-20", "end": "2021-12-31", "coordinates": [184.82, -21.14]}}}}, {"type": "Feature", "geometry": {"type": "Point", "coordinates": [207.4861, 57.7303]}, "properties": {"name": "Kodiak Island", "timezone_name": "America/Anchorage", "uhslc_id": 39, "uhslc_code": "kodi", "ssc_id": "kodi", "gloss_id": 0, "country": "United States of America", "country_code": "840", "country_code_alpha": "US", "fd_span": {"oldest": "1984-07-12", "latest": "2026-06-30"}, "rq_span": {"oldest": "1975-01-01", "latest": "2024-12-31"}, "rq_basin": "pacific", "rq_versions": {"a": {"begin": "1975-01-01", "end": "2019-12-31", "coordinates": [207.5167, 57.745]}, "b": {"begin": "1984-07-11", "end": "2024-12-31", "coordinates": [207.4861, 57.7303]}}}}, {"type": "Feature", "geometry": {"type": "Point", "coordinates": [183.3683, 51.8633]}, "properties": {"name": "Adak", "timezone_name": "America/Adak", "uhslc_id": 40, "uhslc_code": "adak", "ssc_id": "adak", "gloss_id": 302, "country": "United States of America", "country_code": "840", "country_code_alpha": "US", "fd_span": {"oldest": "1950-03-17", "latest": "2026-06-30"}, "rq_span": {"oldest": "1950-03-17", "latest": "2021-12-31"}, "rq_basin": "pacific", "rq_versions": {"a": {"begin": "1950-03-17", "end": "2021-12-31", "coordinates": [183.3683, 51.8633]}}}}, {"type": "Feature", "geometry": {"type": "Point", "coordinates": [193.4633, 53.88]}, "properties": {"name": "Unalaska", "timezone_name": "America/Anchorage", "uhslc_id": 41, "uhslc_code": "dutc", "ssc_id": "dutc", "gloss_id": 102, "country": "United States of America", "country_code": "840", "country_code_alpha": "US", "fd_span": {"oldest": "1982-01-02", "latest": "2026-06-30"}, "rq_span": {"oldest": "1950-01-01", "latest": "2021-12-31"}, "rq_basin": "pacific", "rq_versions": {"a": {"begin": "1950-01-01", "end": "1955-06-09", "coordinates": [193.4633, 53.88]}, "b": {"begin": "1982-01-01", "end": "2021-12-31", "coordinates": [193.4633, 53.88]}}}}, {"type": "Feature", "geometry": {"type": "Point", "coordinates": [197.91084, 5.88831]}, "properties": {"name": "Palmyra Island", "timezone_name": "Pacific/Honolulu", "uhslc_id": 43, "uhslc_code": "plmy", "ssc_id": "plmy", "gloss_id": 0, "country": "United States Minor Outlying Islands", "country_code": "581", "country_code_alpha": "UM", "fd_span": {"oldest": "2012-11-30", "latest": "2026-06-30"}, "rq_span": {"oldest": "1947-05-31", "latest": "2024-12-31"}, "rq_basin": "pacific", "rq_versions": {"a": {"begin": "1947-05-31", "end": "1949-11-12", "coordinates": [197.9117, 5.8833]}, "b": {"begin": "2012-11-29", "end": "2024-12-31", "coordinates": [197.91084, 5.88831]}}}}, {"type": "Feature", "geometry": {"type": "Point", "coordinates": [168.2933, -17.7617]}, "properties": {"name": "Port Vila", "timezone_name": "Pacific/Efate", "uhslc_id": 46, "uhslc_code": "porv", "ssc_id": "vanu", "gloss_id": 348, "country": "Vanuatu", "country_code": "548", "country_code_alpha": "VU", "fd_span": {"oldest": "1993-01-15", "latest": "2026-06-30"}, "rq_span": {"oldest": "1977-01-01", "latest": "2021-12-31"}, "rq_basin": "pacific", "rq_versions": {"a": {"begin": "1977-01-01", "end": "1982-12-30", "coordinates": [168.3167, -17.7333]}, "b": {"begin": "1993-01-15", "end": "2021-12-31", "coordinates": [168.2933, -17.7617]}}}}, {"type": "Feature", "geometry": {"type": "Point", "coordinates": [142.1833, 27.1]}, "properties": {"name": "Chichijima", "timezone_name": "Asia/Tokyo", "uhslc_id": 47, "uhslc_code": "chij", "ssc_id": "chij", "gloss_id": 103, "country": "Japan", "country_code": "392", "country_code_alpha": "JP", "fd_span": {"oldest": "1975-03-31", "latest": "2026-06-30"}, "rq_span": {"oldest": "1975-03-31", "latest": "2023-12-31"}, "rq_basin": "pacific", "rq_versions": {"a": {"begin": "1975-03-31", "end": "2023-12-31", "coordinates": [142.1833, 27.1]}}}}, {"type": "Feature", "geometry": {"type": "Point", "coordinates": [153.9783, 24.2822]}, "properties": {"name": "Minamitorishima", "timezone_name": "Asia/Tokyo", "uhslc_id": 49, "uhslc_code": "mina", "ssc_id": "mins", "gloss_id": 104, "country": "Japan", "country_code": "392", "country_code_alpha": "JP", "fd_span": {"oldest": "2020-03-12", "latest": "2026-06-30"}, "rq_span": {"oldest": "1996-10-04", "latest": "2023-12-31"}, "rq_basin": "pacific", "rq_versions": {"a": {"begin": "1996-10-04", "end": "2020-03-11", "coordinates": [153.9667, 24.3]}, "b": {"begin": "2020-03-12", "end": "2023-12-31", "coordinates": [153.9783, 24.2822]}}}}, {"type": "Feature", "geometry": {"type": "Point", "coordinates": [182.6333, 28.2167]}, "properties": {"name": "Midway", "timezone_name": "Pacific/Midway", "uhslc_id": 50, "uhslc_code": "midw", "ssc_id": "midw", "gloss_id": 106, "country": "United States Minor Outlying Islands", "country_code": "581", "country_code_alpha": "UM", "fd_span": {"oldest": "1947-02-09", "latest": "2026-06-30"}, "rq_span": {"oldest": "1947-02-08", "latest": "2021-12-31"}, "rq_basin": "pacific", "rq_versions": {"a": {"begin": "1947-02-08", "end": "2021-12-31", "coordinates": [182.6333, 28.2167]}}}}, {"type": "Feature", "geometry": {"type": "Point", "coordinates": [166.6167, 19.2833]}, "properties": {"name": "Wake", "timezone_name": "Pacific/Wake", "uhslc_id": 51, "uhslc_code": "wake", "ssc_id": "wake", "gloss_id": 105, "country": "United States Minor Outlying Islands", "country_code": "581", "country_code_alpha": "UM", "fd_span": {"oldest": "1950-05-31", "latest": "2026-06-30"}, "rq_span": {"oldest": "1950-05-30", "latest": "2021-12-31"}, "rq_basin": "pacific", "rq_versions": {"a": {"begin": "1950-05-30", "end": "2021-12-31", "coordinates": [166.6167, 19.2833]}}}}, {"type": "Feature", "geometry": {"type": "Point", "coordinates": [190.47174, 16.73622]}, "properties": {"name": "Johnston", "timezone_name": "Pacific/Honolulu", "uhslc_id": 52, "uhslc_code": "john", "ssc_id": "john2", "gloss_id": 109, "country": "United States Minor Outlying Islands", "country_code": "581", "country_code_alpha": "UM", "fd_span": {"oldest": "1947-05-01", "latest": "2026-06-30"}, "rq_span": {"oldest": "1947-05-01", "latest": "2024-12-31"}, "rq_basin": "pacific", "rq_versions": {"a": {"begin": "1947-05-01", "end": "2024-12-31", "coordinates": [190.47174, 16.73622]}}}}, {"type": "Feature", "geometry": {"type": "Point", "coordinates": [144.65, 13.4333]}, "properties": {"name": "Apra Harbor", "timezone_name": "Pacific/Guam", "uhslc_id": 53, "uhslc_code": "guam", "ssc_id": "guam", "gloss_id": 149, "country": "Guam", "country_code": "316", "country_code_alpha": "GU", "fd_span": {"oldest": "1948-03-10", "latest": "2026-06-30"}, "rq_span": {"oldest": "1948-03-10", "latest": "2021-12-31"}, "rq_basin": "pacific", "rq_versions": {"a": {"begin": "1948-03-10", "end": "2021-12-31", "coordinates": [144.65, 13.4333]}}}}, {"type": "Feature", "geometry": {"type": "Point", "coordinates": [151.89819, 7.45368]}, "properties": {"name": "Chuuk", "timezone_name": "Pacific/Truk", "uhslc_id": 54, "uhslc_code": "chuu", "ssc_id": "chuu", "gloss_id": 116, "country": "Micronesia, Federated States of", "country_code": "583", "country_code_alpha": "FM", "fd_span": {"oldest": "2020-08-01", "latest": "2026-06-30"}, "rq_span": {"oldest": "1947-10-01", "latest": "2024-12-31"}, "rq_basin": "pacific", "rq_versions": {"a": {"begin": "1947-10-01", "end": "1991-12-31", "coordinates": [151.89819, 7.45368]}, "b": {"begin": "2020-07-28", "end": "2024-12-31", "coordinates": [151.89819, 7.45368]}}}}, {"type": "Feature", "geometry": {"type": "Point", "coordinates": [167.7333, 8.7333]}, "properties": {"name": "Kwajalein", "timezone_name": "Pacific/Kwajalein", "uhslc_id": 55, "uhslc_code": "kwaj", "ssc_id": "kwaj", "gloss_id": 111, "country": "Marshall Islands", "country_code": "584", "country_code_alpha": "MH", "fd_span": {"oldest": "1946-06-08", "latest": "2026-06-30"}, "rq_span": {"oldest": "1946-06-07", "latest": "2021-12-31"}, "rq_basin": "pacific", "rq_versions": {"a": {"begin": "1946-06-07", "end": "2021-12-31", "coordinates": [167.7333, 8.7333]}}}}, {"type": "Feature", "geometry": {"type": "Point", "coordinates": [189.3167, -14.2833]}, "properties": {"name": "Pago Pago", "timezone_name": "Pacific/Pago_Pago", "uhslc_id": 56, "uhslc_code": "pago", "ssc_id": "pago", "gloss_id": 144, "country": "American Samoa", "country_code": "016", "country_code_alpha": "AS", "fd_span": {"oldest": "1948-09-09", "latest": "2026-06-30"}, "rq_span": {"oldest": "1948-09-08", "latest": "2019-12-31"}, "rq_basin": "pacific", "rq_versions": {"a": {"begin": "1948-09-08", "end": "2019-12-31", "coordinates": [189.3167, -14.2833]}}}}, {"type": "Feature", "geometry": {"type": "Point", "coordinates": [202.1333, 21.3067]}, "properties": {"name": "Honolulu", "timezone_name": "Pacific/Honolulu", "uhslc_id": 57, "uhslc_code": "hono", "ssc_id": "hono", "gloss_id": 108, "country": "United States of America", "country_code": "840", "country_code_alpha": "US", "fd_span": {"oldest": "1905-01-02", "latest": "2026-06-30"}, "rq_span": {"oldest": "1877-06-21", "latest": "2021-12-31"}, "rq_basin": "pacific", "rq_versions": {"a": {"begin": "1877-06-21", "end": "1892-07-13", "coordinates": [202.1367, 21.305]}, "b": {"begin": "1905-01-01", "end": "2021-12-31", "coordinates": [202.1333, 21.3067]}}}}, {"type": "Feature", "geometry": {"type": "Point", "coordinates": [200.65, 21.9667]}, "properties": {"name": "Nawiliwili", "timezone_name": "Pacific/Honolulu", "uhslc_id": 58, "uhslc_code": "nawi", "ssc_id": "nawi", "gloss_id": 0, "country": "United States of America", "country_code": "840", "country_code_alpha": "US", "fd_span": {"oldest": "1954-12-02", "latest": "2026-06-30"}, "rq_span": {"oldest": "1954-12-01", "latest": "2021-12-31"}, "rq_basin": "pacific", "rq_versions": {"a": {"begin": "1954-12-01", "end": "2021-12-31", "coordinates": [200.65, 21.9667]}}}}, {"type": "Feature", "geometry": {"type": "Point", "coordinates": [203.5333, 20.9]}, "properties": {"name": "Kahului", "timezone_name": "Pacific/Honolulu", "uhslc_id": 59, "uhslc_code": "kahu", "ssc_id": "kahu", "gloss_id": 0, "country": "United States of America", "country_code": "840", "country_code_alpha": "US", "fd_span": {"oldest": "1950-10-20", "latest": "2026-06-30"}, "rq_span": {"oldest": "1950-10-19", "latest": "2021-12-31"}, "rq_basin": "pacific", "rq_versions": {"a": {"begin": "1950-10-19", "end": "2021-12-31", "coordinates": [203.5333, 20.9]}}}}, {"type": "Feature", "geometry": {"type": "Point", "coordinates": [204.9333, 19.7333]}, "properties": {"name": "Hilo", "timezone_name": "Pacific/Honolulu", "uhslc_id": 60, "uhslc_code": "hilo", "ssc_id": "hilo", "gloss_id": 287, "country": "United States of America", "country_code": "840", "country_code_alpha": "US", "fd_span": {"oldest": "1927-01-23", "latest": "2026-06-30"}, "rq_span": {"oldest": "1927-01-22", "latest": "2021-12-31"}, "rq_basin": "pacific", "rq_versions": {"a": {"begin": "1927-01-22", "end": "2021-12-31", "coordinates": [204.9333, 19.7333]}}}}, {"type": "Feature", "geometry": {"type": "Point", "coordinates": [202.2, 21.4333]}, "properties": {"name": "Mokuoloe", "timezone_name": "Pacific/Honolulu", "uhslc_id": 61, "uhslc_code": "moku", "ssc_id": "moku", "gloss_id": 0, "country": "United States of America", "country_code": "840", "country_code_alpha": "US", "fd_span": {"oldest": "1957-05-02", "latest": "2026-06-30"}, "rq_span": {"oldest": "1957-05-01", "latest": "2021-12-31"}, "rq_basin": "pacific", "rq_versions": {"a": {"begin": "1957-05-01", "end": "2021-12-31", "coordinates": [202.2, 21.4333]}}}}, {"type": "Feature", "geometry": {"type": "Point", "coordinates": [174.7833, -41.2833]}, "properties": {"name": "Wellington", "timezone_name": "Pacific/Auckland", "uhslc_id": 71, "uhslc_code": "wlgt", "ssc_id": "wlgt", "gloss_id": 101, "country": "New Zealand", "country_code": "554", "country_code_alpha": "NZ", "fd_span": {"oldest": "1944-11-18", "latest": "2026-06-30"}, "rq_span": {"oldest": "1944-11-18", "latest": "2024-12-31"}, "rq_basin": "pacific", "rq_versions": {"a": {"begin": "1944-11-18", "end": "2024-12-31", "coordinates": [174.7833, -41.2833]}}}}, {"type": "Feature", "geometry": {"type": "Point", "coordinates": [168.35, -46.6]}, "properties": {"name": "Bluff", "timezone_name": "Pacific/Auckland", "uhslc_id": 72, "uhslc_code": "bluf", "ssc_id": "bluf", "gloss_id": 129, "country": "New Zealand", "country_code": "554", "country_code_alpha": "NZ", "fd_span": {"oldest": "1984-10-01", "latest": "2026-06-29"}, "rq_span": {"oldest": "1984-10-01", "latest": "2024-12-31"}, "rq_basin": "pacific", "rq_versions": {"a": {"begin": "1984-10-01", "end": "2024-12-31", "coordinates": [168.35, -46.6]}}}}, {"type": "Feature", "geometry": {"type": "Point", "coordinates": [183.4383, -43.9467]}, "properties": {"name": "Chatham", "timezone_name": "Pacific/Chatham", "uhslc_id": 79, "uhslc_code": "chat", "ssc_id": "chit", "gloss_id": 128, "country": "New Zealand", "country_code": "554", "country_code_alpha": "NZ", "fd_span": {"oldest": "1992-01-01", "latest": "2016-02-15"}, "rq_span": {"oldest": "1992-01-01", "latest": "2010-09-30"}, "rq_basin": "pacific", "rq_versions": {"a": {"begin": "1992-01-01", "end": "2010-09-30", "coordinates": [183.4383, -43.9467]}}}}, {"type": "Feature", "geometry": {"type": "Point", "coordinates": [289.595, -23.6533]}, "properties": {"name": "Antofagasta", "timezone_name": "America/Santiago", "uhslc_id": 80, "uhslc_code": "anto", "ssc_id": "anto", "gloss_id": 174, "country": "Chile", "country_code": "152", "country_code_alpha": "CL", "fd_span": {"oldest": "1945-12-07", "latest": "2026-06-30"}, "rq_span": {"oldest": "1945-12-06", "latest": "2018-12-31"}, "rq_basin": "pacific", "rq_versions": {"a": {"begin": "1945-12-06", "end": "2018-12-31", "coordinates": [289.595, -23.6533]}}}}, {"type": "Feature", "geometry": {"type": "Point", "coordinates": [288.3733, -33.0267]}, "properties": {"name": "Valparaiso", "timezone_name": "America/Santiago", "uhslc_id": 81, "uhslc_code": "valp", "ssc_id": "valp", "gloss_id": 175, "country": "Chile", "country_code": "152", "country_code_alpha": "CL", "fd_span": {"oldest": "1944-01-03", "latest": "2026-06-30"}, "rq_span": {"oldest": "1944-01-02", "latest": "2018-12-31"}, "rq_basin": "pacific", "rq_versions": {"a": {"begin": "1944-01-02", "end": "2018-12-31", "coordinates": [288.3733, -33.0267]}}}}, {"type": "Feature", "geometry": {"type": "Point", "coordinates": [270.16303, 13.57421]}, "properties": {"name": "Acajutla", "timezone_name": "America/El_Salvador", "uhslc_id": 82, "uhslc_code": "acaj", "ssc_id": "acaj", "gloss_id": 182, "country": "El Salvador", "country_code": "222", "country_code_alpha": "SV", "fd_span": {"oldest": "2010-08-20", "latest": "2026-06-30"}, "rq_span": {"oldest": "1962-07-18", "latest": "2018-12-31"}, "rq_basin": "pacific", "rq_versions": {"a": {"begin": "1962-07-18", "end": "2001-07-31", "coordinates": [270.16303, 13.57421]}, "b": {"begin": "2001-08-01", "end": "2009-12-22", "coordinates": [270.1667, 13.5833]}, "c": {"begin": "2010-08-19", "end": "2018-12-31", "coordinates": [270.16303, 13.57421]}}}}, {"type": "Feature", "geometry": {"type": "Point", "coordinates": [289.6667, -18.4667]}, "properties": {"name": "Arica", "timezone_name": "America/Santiago", "uhslc_id": 83, "uhslc_code": "aric", "ssc_id": "aric", "gloss_id": 0, "country": "Chile", "country_code": "152", "country_code_alpha": "CL", "fd_span": {"oldest": "1982-10-03", "latest": "2026-06-23"}, "rq_span": {"oldest": "1982-10-03", "latest": "1998-12-31"}, "rq_basin": "pacific", "rq_versions": {"a": {"begin": "1982-10-03", "end": "1998-12-31", "coordinates": [289.6667, -18.4667]}}}}, {"type": "Feature", "geometry": {"type": "Point", "coordinates": [279.2833, -6.9333]}, "properties": {"name": "Lobos de Afuera", "timezone_name": "America/Lima", "uhslc_id": 84, "uhslc_code": "lobo", "ssc_id": "lobo", "gloss_id": 0, "country": "Peru", "country_code": "604", "country_code_alpha": "PE", "fd_span": {"oldest": "1982-07-01", "latest": "2016-12-31"}, "rq_span": {"oldest": "1982-07-01", "latest": "2016-12-31"}, "rq_basin": "pacific", "rq_versions": {"a": {"begin": "1982-07-01", "end": "2016-12-31", "coordinates": [279.2833, -6.9333]}}}}, {"type": "Feature", "geometry": {"type": "Point", "coordinates": [275.82987, 9.42554]}, "properties": {"name": "Quepos", "timezone_name": "America/Costa_Rica", "uhslc_id": 87, "uhslc_code": "quep", "ssc_id": "quepo", "gloss_id": 167, "country": "Costa Rica", "country_code": "188", "country_code_alpha": "CR", "fd_span": {"oldest": "2009-10-09", "latest": "2026-06-30"}, "rq_span": {"oldest": "1961-01-01", "latest": "2014-12-04"}, "rq_basin": "pacific", "rq_versions": {"a": {"begin": "1961-01-01", "end": "1994-12-31", "coordinates": [275.8333, 9.4]}, "b": {"begin": "2009-10-08", "end": "2014-12-04", "coordinates": [275.82987, 9.42554]}}}}, {"type": "Feature", "geometry": {"type": "Point", "coordinates": [289.1667, -27.0667]}, "properties": {"name": "Caldera", "timezone_name": "America/Santiago", "uhslc_id": 88, "uhslc_code": "cald", "ssc_id": "cald", "gloss_id": 0, "country": "Chile", "country_code": "152", "country_code_alpha": "CL", "fd_span": {"oldest": "1980-01-02", "latest": "2026-06-30"}, "rq_span": {"oldest": "1980-01-01", "latest": "1999-12-31"}, "rq_basin": "pacific", "rq_versions": {"a": {"begin": "1980-01-01", "end": "1999-12-31", "coordinates": [289.1667, -27.0667]}}}}, {"type": "Feature", "geometry": {"type": "Point", "coordinates": [248.98329999999999, 18.7333]}, "properties": {"name": "Socorro", "timezone_name": "America/Mazatlan", "uhslc_id": 90, "uhslc_code": "soco", "ssc_id": "soco", "gloss_id": 162, "country": "Mexico", "country_code": "484", "country_code_alpha": "MX", "fd_span": {"oldest": "1957-03-01", "latest": "1997-09-22"}, "rq_span": {"oldest": "1957-03-01", "latest": "1959-07-04"}, "rq_basin": "pacific", "rq_versions": {"a": {"begin": "1957-03-01", "end": "1959-07-04", "coordinates": [248.98329999999999, 18.7333]}}}}, {"type": "Feature", "geometry": {"type": "Point", "coordinates": [279.09387, -2.21776]}, "properties": {"name": "La Libertad", "timezone_name": "America/Guayaquil", "uhslc_id": 91, "uhslc_code": "lali", "ssc_id": "lali", "gloss_id": 172, "country": "Ecuador", "country_code": "218", "country_code_alpha": "EC", "fd_span": {"oldest": "1949-09-02", "latest": "2026-06-30"}, "rq_span": {"oldest": "1949-09-01", "latest": "2024-12-31"}, "rq_basin": "pacific", "rq_versions": {"a": {"begin": "1949-09-01", "end": "2024-12-31", "coordinates": [279.09387, -2.21776]}}}}, {"type": "Feature", "geometry": {"type": "Point", "coordinates": [278.71729, -4.57491]}, "properties": {"name": "Talara", "timezone_name": "America/Lima", "uhslc_id": 92, "uhslc_code": "tala", "ssc_id": "tala", "gloss_id": 0, "country": "Peru", "country_code": "604", "country_code_alpha": "PE", "fd_span": {"oldest": "1970-06-01", "latest": "2025-08-19"}, "rq_span": {"oldest": "1950-01-01", "latest": "2014-12-31"}, "rq_basin": "pacific", "rq_versions": {"a": {"begin": "1950-01-01", "end": "1965-11-30", "coordinates": [278.7183, -4.5817]}, "b": {"begin": "1970-06-01", "end": "2014-12-31", "coordinates": [278.71729, -4.57491]}}}}, {"type": "Feature", "geometry": {"type": "Point", "coordinates": [282.83326999999997, -12.06897]}, "properties": {"name": "Callao", "timezone_name": "America/Lima", "uhslc_id": 93, "uhslc_code": "call", "ssc_id": "call", "gloss_id": 173, "country": "Peru", "country_code": "604", "country_code_alpha": "PE", "fd_span": {"oldest": "1970-01-02", "latest": "2026-06-30"}, "rq_span": {"oldest": "1950-01-01", "latest": "2024-12-31"}, "rq_basin": "pacific", "rq_versions": {"a": {"begin": "1950-01-01", "end": "1965-12-31", "coordinates": [282.85, -12.05]}, "b": {"begin": "1970-01-01", "end": "2024-12-31", "coordinates": [282.83326999999997, -12.06897]}}}}, {"type": "Feature", "geometry": {"type": "Point", "coordinates": [287.89118, -17.00098]}, "properties": {"name": "Matarani", "timezone_name": "America/Lima", "uhslc_id": 94, "uhslc_code": "mata", "ssc_id": "mata", "gloss_id": 0, "country": "Peru", "country_code": "604", "country_code_alpha": "PE", "fd_span": {"oldest": "2011-10-16", "latest": "2026-06-30"}, "rq_span": {"oldest": "1954-03-22", "latest": "2024-12-31"}, "rq_basin": "pacific", "rq_versions": {"a": {"begin": "1954-03-22", "end": "1964-12-31", "coordinates": [287.8833, -17.0]}, "b": {"begin": "1989-01-01", "end": "2011-10-15", "coordinates": [287.8917, -17.0017]}, "c": {"begin": "2011-10-15", "end": "2024-12-31", "coordinates": [287.89118, -17.00098]}}}}, {"type": "Feature", "geometry": {"type": "Point", "coordinates": [39.65732, -4.06999]}, "properties": {"name": "Mombasa", "timezone_name": "Africa/Nairobi", "uhslc_id": 101, "uhslc_code": "momb", "ssc_id": "momb", "gloss_id": 8, "country": "Kenya", "country_code": "404", "country_code_alpha": "KE", "fd_span": {"oldest": "1986-06-18", "latest": "2026-06-30"}, "rq_span": {"oldest": "1986-06-17", "latest": "2024-12-31"}, "rq_basin": "indian", "rq_versions": {"a": {"begin": "1986-06-17", "end": "2024-12-31", "coordinates": [39.65732, -4.06999]}}}}, {"type": "Feature", "geometry": {"type": "Point", "coordinates": [57.50429, -20.15721]}, "properties": {"name": "Port Louis", "timezone_name": "Indian/Mauritius", "uhslc_id": 103, "uhslc_code": "plou", "ssc_id": "ptlu", "gloss_id": 18, "country": "Mauritius", "country_code": "480", "country_code_alpha": "MU", "fd_span": {"oldest": "1986-08-01", "latest": "2026-06-30"}, "rq_span": {"oldest": "1942-01-01", "latest": "2023-11-09"}, "rq_basin": "indian", "rq_versions": {"a": {"begin": "1942-01-01", "end": "1947-12-31", "coordinates": [57.49, -20.1533]}, "b": {"begin": "1964-03-01", "end": "1965-12-31", "coordinates": [57.49, -20.1533]}, "c": {"begin": "1986-08-01", "end": "2023-11-09", "coordinates": [57.50429, -20.15721]}}}}, {"type": "Feature", "geometry": {"type": "Point", "coordinates": [72.39385, -7.29032]}, "properties": {"name": "Diego Garcia", "timezone_name": "Indian/Chagos", "uhslc_id": 104, "uhslc_code": "dieg", "ssc_id": "garc", "gloss_id": 26, "country": "British Indian Ocean Territory", "country_code": "086", "country_code_alpha": "IO", "fd_span": {"oldest": "2003-08-27", "latest": "2026-06-30"}, "rq_span": {"oldest": "1969-01-31", "latest": "2006-01-02"}, "rq_basin": "indian", "rq_versions": {"b": {"begin": "1969-01-31", "end": "1969-06-30", "coordinates": [72.4333, -7.2333]}, "c": {"begin": "1988-03-01", "end": "2000-12-31", "coordinates": [72.3933, -7.29]}, "d": {"begin": "2003-08-26", "end": "2006-01-02", "coordinates": [72.39385, -7.29032]}}}}, {"type": "Feature", "geometry": {"type": "Point", "coordinates": [63.4212, -19.68032]}, "properties": {"name": "Rodrigues", "timezone_name": "Indian/Mauritius", "uhslc_id": 105, "uhslc_code": "rodr", "ssc_id": "rodr", "gloss_id": 19, "country": "Mauritius", "country_code": "480", "country_code_alpha": "MU", "fd_span": {"oldest": "1986-11-09", "latest": "2026-06-30"}, "rq_span": {"oldest": "1986-11-08", "latest": "2017-09-04"}, "rq_basin": "indian", "rq_versions": {"a": {"begin": "1986-11-08", "end": "2017-09-04", "coordinates": [63.4212, -19.68032]}}}}, {"type": "Feature", "geometry": {"type": "Point", "coordinates": [100.37565, -0.9963]}, "properties": {"name": "Padang", "timezone_name": "Asia/Jakarta", "uhslc_id": 107, "uhslc_code": "pada", "ssc_id": "pada", "gloss_id": 45, "country": "Indonesia", "country_code": "360", "country_code_alpha": "ID", "fd_span": {"oldest": "2005-12-08", "latest": "2026-06-30"}, "rq_span": {"oldest": "1986-11-16", "latest": "2018-12-31"}, "rq_basin": "indian", "rq_versions": {"a": {"begin": "1986-11-16", "end": "2004-04-18", "coordinates": [100.3667, -0.95]}, "b": {"begin": "2005-12-07", "end": "2018-12-31", "coordinates": [100.37565, -0.9963]}}}}, {"type": "Feature", "geometry": {"type": "Point", "coordinates": [73.52521, 4.18747]}, "properties": {"name": "Male", "timezone_name": "Indian/Maldives", "uhslc_id": 108, "uhslc_code": "male", "ssc_id": "male2", "gloss_id": 28, "country": "Maldives", "country_code": "462", "country_code_alpha": "MV", "fd_span": {"oldest": "1989-08-27", "latest": "2026-06-30"}, "rq_span": {"oldest": "1988-02-29", "latest": "2024-12-31"}, "rq_basin": "indian", "rq_versions": {"a": {"begin": "1988-02-29", "end": "1989-05-31", "coordinates": [73.5167, 4.1833]}, "b": {"begin": "1989-08-26", "end": "2024-12-31", "coordinates": [73.5267, 4.19]}}}}, {"type": "Feature", "geometry": {"type": "Point", "coordinates": [73.15204, -0.6878]}, "properties": {"name": "Gan", "timezone_name": "Indian/Maldives", "uhslc_id": 109, "uhslc_code": "gana", "ssc_id": "ganm", "gloss_id": 27, "country": "Maldives", "country_code": "462", "country_code_alpha": "MV", "fd_span": {"oldest": "1987-03-05", "latest": "2026-06-30"}, "rq_span": {"oldest": "1987-03-04", "latest": "2024-12-31"}, "rq_basin": "indian", "rq_versions": {"a": {"begin": "1987-03-04", "end": "2024-12-31", "coordinates": [73.15204, -0.6878]}}}}, {"type": "Feature", "geometry": {"type": "Point", "coordinates": [58.565, 23.6283]}, "properties": {"name": "Muscat", "timezone_name": "Asia/Muscat", "uhslc_id": 110, "uhslc_code": "musc", "ssc_id": "musc", "gloss_id": 0, "country": "Oman", "country_code": "512", "country_code_alpha": "OM", "fd_span": {"oldest": "2009-12-10", "latest": "2021-05-31"}, "rq_span": {"oldest": "1987-04-03", "latest": "2018-12-31"}, "rq_basin": "indian", "rq_versions": {"a": {"begin": "1987-04-03", "end": "1993-08-12", "coordinates": [58.565, 23.6283]}, "b": {"begin": "2009-12-10", "end": "2018-12-31", "coordinates": [58.565, 23.6283]}}}}, {"type": "Feature", "geometry": {"type": "Point", "coordinates": [58.8717, 20.6867]}, "properties": {"name": "Masirah", "timezone_name": "Asia/Muscat", "uhslc_id": 113, "uhslc_code": "masi", "ssc_id": "masi", "gloss_id": 0, "country": "Oman", "country_code": "512", "country_code_alpha": "OM", "fd_span": {"oldest": "1996-12-07", "latest": "2019-12-13"}, "rq_span": {"oldest": "1996-12-07", "latest": "2018-12-31"}, "rq_basin": "indian", "rq_versions": {"a": {"begin": "1996-12-07", "end": "2018-12-31", "coordinates": [58.8717, 20.6867]}}}}, {"type": "Feature", "geometry": {"type": "Point", "coordinates": [54.0067, 16.935]}, "properties": {"name": "Salalah", "timezone_name": "Asia/Muscat", "uhslc_id": 114, "uhslc_code": "sala", "ssc_id": "sala", "gloss_id": 4, "country": "Oman", "country_code": "512", "country_code_alpha": "OM", "fd_span": {"oldest": "1989-10-02", "latest": "2026-06-30"}, "rq_span": {"oldest": "1989-10-01", "latest": "2018-05-23"}, "rq_basin": "indian", "rq_versions": {"a": {"begin": "1989-10-01", "end": "2018-05-23", "coordinates": [54.0067, 16.935]}}}}, {"type": "Feature", "geometry": {"type": "Point", "coordinates": [79.85006, 6.94012]}, "properties": {"name": "Colombo", "timezone_name": "Asia/Colombo", "uhslc_id": 115, "uhslc_code": "colo", "ssc_id": "colo", "gloss_id": 33, "country": "Sri Lanka", "country_code": "144", "country_code_alpha": "LK", "fd_span": {"oldest": "2017-01-05", "latest": "2026-06-30"}, "rq_span": {"oldest": "1953-01-01", "latest": "2024-12-31"}, "rq_basin": "indian", "rq_versions": {"a": {"begin": "1953-01-01", "end": "1965-12-31", "coordinates": [79.85, 6.9333]}, "b": {"begin": "1989-07-14", "end": "1992-08-28", "coordinates": [79.8533, 6.9483]}, "c": {"begin": "2006-05-09", "end": "2016-10-25", "coordinates": [79.8583, 6.935]}, "d": {"begin": "2017-01-04", "end": "2024-12-31", "coordinates": [79.85006, 6.94012]}}}}, {"type": "Feature", "geometry": {"type": "Point", "coordinates": [73.1725, 6.76444]}, "properties": {"name": "Hanimaadhoo", "timezone_name": "Indian/Maldives", "uhslc_id": 117, "uhslc_code": "hani", "ssc_id": "hani", "gloss_id": 0, "country": "Maldives", "country_code": "462", "country_code_alpha": "MV", "fd_span": {"oldest": "2002-09-18", "latest": "2026-06-30"}, "rq_span": {"oldest": "1991-07-19", "latest": "2024-12-31"}, "rq_basin": "indian", "rq_versions": {"a": {"begin": "1991-07-19", "end": "2002-08-20", "coordinates": [73.1667, 6.7667]}, "b": {"begin": "2002-09-18", "end": "2024-12-31", "coordinates": [73.1725, 6.76444]}}}}, {"type": "Feature", "geometry": {"type": "Point", "coordinates": [97.633, 8.567]}, "properties": {"name": "Ko Miang", "timezone_name": "Asia/Bangkok", "uhslc_id": 118, "uhslc_code": "komi", "ssc_id": "komi", "gloss_id": 0, "country": "Thailand", "country_code": "764", "country_code_alpha": "TH", "fd_span": {"oldest": "2005-11-19", "latest": "2006-10-31"}, "rq_span": {"oldest": null, "latest": null}, "rq_basin": "indian", "rq_versions": null}}, {"type": "Feature", "geometry": {"type": "Point", "coordinates": [43.14, 11.6083]}, "properties": {"name": "Djibouti", "timezone_name": "Africa/Djibouti", "uhslc_id": 119, "uhslc_code": "djib", "ssc_id": "djib", "gloss_id": 2, "country": "Djibouti", "country_code": "262", "country_code_alpha": "DJ", "fd_span": {"oldest": "2007-02-20", "latest": "2016-07-01"}, "rq_span": {"oldest": "2007-02-20", "latest": "2016-05-16"}, "rq_basin": "indian", "rq_versions": {"a": {"begin": "2007-02-20", "end": "2016-05-16", "coordinates": [43.14, 11.6083]}}}}, {"type": "Feature", "geometry": {"type": "Point", "coordinates": [55.52943, -4.67618]}, "properties": {"name": "Pointe La Rue", "timezone_name": "Indian/Mahe", "uhslc_id": 121, "uhslc_code": "plar", "ssc_id": "laru2", "gloss_id": 339, "country": "Seychelles", "country_code": "690", "country_code_alpha": "SC", "fd_span": {"oldest": "1993-01-11", "latest": "2026-06-30"}, "rq_span": {"oldest": "1993-01-11", "latest": "2024-12-31"}, "rq_basin": "indian", "rq_versions": {"a": {"begin": "1993-01-11", "end": "2024-12-31", "coordinates": [55.52943, -4.67618]}}}}, {"type": "Feature", "geometry": {"type": "Point", "coordinates": [98.78575, 1.72849]}, "properties": {"name": "Sibolga", "timezone_name": "Asia/Jakarta", "uhslc_id": 122, "uhslc_code": "sibo", "ssc_id": "sibo", "gloss_id": 0, "country": "Indonesia", "country_code": "360", "country_code_alpha": "ID", "fd_span": {"oldest": "2005-04-25", "latest": "2025-12-14"}, "rq_span": {"oldest": "1989-04-06", "latest": "2018-12-31"}, "rq_basin": "indian", "rq_versions": {"a": {"begin": "1989-04-06", "end": "2004-07-02", "coordinates": [98.7667, 1.75]}, "b": {"begin": "2005-04-25", "end": "2018-12-31", "coordinates": [98.78575, 1.72849]}}}}, {"type": "Feature", "geometry": {"type": "Point", "coordinates": [95.31733, 5.88865]}, "properties": {"name": "Sabang", "timezone_name": "Asia/Jakarta", "uhslc_id": 123, "uhslc_code": "saba", "ssc_id": "saba", "gloss_id": 347, "country": "Indonesia", "country_code": "360", "country_code_alpha": "ID", "fd_span": {"oldest": "2005-12-19", "latest": "2026-06-30"}, "rq_span": {"oldest": "2005-12-18", "latest": "2024-12-31"}, "rq_basin": "indian", "rq_versions": {"a": {"begin": "2005-12-18", "end": "2024-12-31", "coordinates": [95.31733, 5.88865]}}}}, {"type": "Feature", "geometry": {"type": "Point", "coordinates": [91.82518, 22.23652]}, "properties": {"name": "Chittagong", "timezone_name": "Asia/Dhaka", "uhslc_id": 124, "uhslc_code": "chit", "ssc_id": "chtt", "gloss_id": 36, "country": "Bangladesh", "country_code": "050", "country_code_alpha": "BD", "fd_span": {"oldest": "2007-07-01", "latest": "2025-05-16"}, "rq_span": {"oldest": "2007-07-01", "latest": "2024-12-31"}, "rq_basin": "indian", "rq_versions": {"a": {"begin": "2007-07-01", "end": "2024-12-31", "coordinates": [91.82518, 22.23652]}}}}, {"type": "Feature", "geometry": {"type": "Point", "coordinates": [111.72723, -8.2865]}, "properties": {"name": "Prigi", "timezone_name": "Asia/Jakarta", "uhslc_id": 125, "uhslc_code": "prig", "ssc_id": "prig", "gloss_id": 0, "country": "Indonesia", "country_code": "360", "country_code_alpha": "ID", "fd_span": {"oldest": "2007-02-26", "latest": "2026-06-30"}, "rq_span": {"oldest": "2007-02-25", "latest": "2024-12-31"}, "rq_basin": "indian", "rq_versions": {"a": {"begin": "2007-02-25", "end": "2024-12-31", "coordinates": [111.72723, -8.2865]}}}}, {"type": "Feature", "geometry": {"type": "Point", "coordinates": [57.77, 25.63]}, "properties": {"name": "Jask", "timezone_name": "Asia/Tehran", "uhslc_id": 126, "uhslc_code": "jask", "ssc_id": "jask", "gloss_id": 0, "country": "Iran, Islamic Republic of", "country_code": "364", "country_code_alpha": "IR", "fd_span": {"oldest": "2009-10-28", "latest": "2017-07-19"}, "rq_span": {"oldest": null, "latest": null}, "rq_basin": "indian", "rq_versions": null}}, {"type": "Feature", "geometry": {"type": "Point", "coordinates": [39.6, -69.0]}, "properties": {"name": "Syowa", "timezone_name": "Antarctica/Syowa", "uhslc_id": 127, "uhslc_code": "syow", "ssc_id": "syow", "gloss_id": 95, "country": "Antarctica", "country_code": "010", "country_code_alpha": "AQ", "fd_span": {"oldest": "1987-01-31", "latest": "2020-12-31"}, "rq_span": {"oldest": "1987-01-31", "latest": "2015-12-31"}, "rq_basin": "indian", "rq_versions": {"a": {"begin": "1987-01-31", "end": "2015-12-31", "coordinates": [39.6, -69.0]}}}}, {"type": "Feature", "geometry": {"type": "Point", "coordinates": [133.64, -32.15]}, "properties": {"name": "Thevenard", "timezone_name": "Australia/Adelaide", "uhslc_id": 128, "uhslc_code": "thev", "ssc_id": "thev", "gloss_id": 308, "country": "Australia", "country_code": "036", "country_code_alpha": "AU", "fd_span": {"oldest": "1992-03-20", "latest": "2026-06-30"}, "rq_span": {"oldest": "1992-03-19", "latest": "2021-12-31"}, "rq_basin": "indian", "rq_versions": {"a": {"begin": "1992-03-19", "end": "2021-12-31", "coordinates": [133.64, -32.15]}}}}, {"type": "Feature", "geometry": {"type": "Point", "coordinates": [141.6133, -38.3433]}, "properties": {"name": "Portland", "timezone_name": "Australia/Melbourne", "uhslc_id": 129, "uhslc_code": "porl", "ssc_id": "porl", "gloss_id": 55, "country": "Australia", "country_code": "036", "country_code_alpha": "AU", "fd_span": {"oldest": "1991-01-01", "latest": "2026-06-30"}, "rq_span": {"oldest": "1991-01-01", "latest": "2021-12-31"}, "rq_basin": "indian", "rq_versions": {"a": {"begin": "1991-01-01", "end": "2021-12-31", "coordinates": [141.6133, -38.3433]}}}}, {"type": "Feature", "geometry": {"type": "Point", "coordinates": [110.5333, -66.2833]}, "properties": {"name": "Casey", "timezone_name": "Antarctica/Casey", "uhslc_id": 130, "uhslc_code": "case", "ssc_id": "case", "gloss_id": 278, "country": "Antarctica", "country_code": "010", "country_code_alpha": "AQ", "fd_span": {"oldest": "1996-01-08", "latest": "2008-11-16"}, "rq_span": {"oldest": "1996-01-08", "latest": "2008-11-16"}, "rq_basin": "indian", "rq_versions": {"a": {"begin": "1996-01-08", "end": "2008-11-16", "coordinates": [110.5333, -66.2833]}}}}, {"type": "Feature", "geometry": {"type": "Point", "coordinates": [128.20036, -3.63904]}, "properties": {"name": "Ambon", "timezone_name": "Asia/Jayapura", "uhslc_id": 133, "uhslc_code": "ambo", "ssc_id": "ambon", "gloss_id": 68, "country": "Indonesia", "country_code": "360", "country_code_alpha": "ID", "fd_span": {"oldest": "2008-10-02", "latest": "2026-06-30"}, "rq_span": {"oldest": "1992-08-12", "latest": "2024-12-31"}, "rq_basin": "indian", "rq_versions": {"a": {"begin": "1992-08-12", "end": "2004-07-31", "coordinates": [128.1833, -3.6833]}, "b": {"begin": "2008-10-01", "end": "2024-12-31", "coordinates": [128.20036, -3.63904]}}}}, {"type": "Feature", "geometry": {"type": "Point", "coordinates": [99.76286, 6.43049]}, "properties": {"name": "Langkawi", "timezone_name": "Asia/Kuala_Lumpur", "uhslc_id": 142, "uhslc_code": "lang", "ssc_id": "lank", "gloss_id": 0, "country": "Malaysia", "country_code": "458", "country_code_alpha": "MY", "fd_span": {"oldest": "1985-11-30", "latest": "2026-06-30"}, "rq_span": {"oldest": "1985-11-29", "latest": "2024-12-31"}, "rq_basin": "indian", "rq_versions": {"a": {"begin": "1985-11-29", "end": "2024-12-31", "coordinates": [99.76286, 6.43049]}}}}, {"type": "Feature", "geometry": {"type": "Point", "coordinates": [66.975, 24.8117]}, "properties": {"name": "Karachi", "timezone_name": "Asia/Karachi", "uhslc_id": 147, "uhslc_code": "kara", "ssc_id": "kara", "gloss_id": 30, "country": "Pakistan", "country_code": "586", "country_code_alpha": "PK", "fd_span": {"oldest": "2007-01-31", "latest": "2026-02-12"}, "rq_span": {"oldest": "1985-01-01", "latest": "2016-12-15"}, "rq_basin": "indian", "rq_versions": {"a": {"begin": "1985-01-01", "end": "1994-06-30", "coordinates": [66.9667, 24.8]}, "b": {"begin": "2007-01-31", "end": "2016-12-15", "coordinates": [66.975, 24.8117]}}}}, {"type": "Feature", "geometry": {"type": "Point", "coordinates": [98.425, 7.8317]}, "properties": {"name": "Ko Taphao Noi", "timezone_name": "Asia/Bangkok", "uhslc_id": 148, "uhslc_code": "kota", "ssc_id": "kota", "gloss_id": 42, "country": "Thailand", "country_code": "764", "country_code_alpha": "TH", "fd_span": {"oldest": "1985-01-01", "latest": "2025-12-31"}, "rq_span": {"oldest": "1985-01-01", "latest": "2019-12-31"}, "rq_basin": "indian", "rq_versions": {"a": {"begin": "1985-01-01", "end": "2019-12-31", "coordinates": [98.425, 7.8317]}}}}, {"type": "Feature", "geometry": {"type": "Point", "coordinates": [40.9027, -2.26758]}, "properties": {"name": "Lamu", "timezone_name": "Africa/Nairobi", "uhslc_id": 149, "uhslc_code": "lamu", "ssc_id": "lamu", "gloss_id": 0, "country": "Kenya", "country_code": "404", "country_code_alpha": "KE", "fd_span": {"oldest": "1995-06-29", "latest": "2026-05-07"}, "rq_span": {"oldest": "1989-01-01", "latest": "2024-12-31"}, "rq_basin": "indian", "rq_versions": {"a": {"begin": "1989-01-01", "end": "1991-11-29", "coordinates": [40.9033, -2.2717]}, "b": {"begin": "1995-06-29", "end": "2024-12-31", "coordinates": [40.9027, -2.26758]}}}}, {"type": "Feature", "geometry": {"type": "Point", "coordinates": [39.19197, -6.15668]}, "properties": {"name": "Zanzibar", "timezone_name": "Africa/Dar_es_Salaam", "uhslc_id": 151, "uhslc_code": "zanz", "ssc_id": "zanz", "gloss_id": 297, "country": "Tanzania, United Republic of", "country_code": "834", "country_code_alpha": "TZ", "fd_span": {"oldest": "1984-03-01", "latest": "2025-08-17"}, "rq_span": {"oldest": "1984-03-01", "latest": "2022-12-31"}, "rq_basin": "indian", "rq_versions": {"a": {"begin": "1984-03-01", "end": "2022-12-31", "coordinates": [39.19197, -6.15668]}}}}, {"type": "Feature", "geometry": {"type": "Point", "coordinates": [73.05, 8.117]}, "properties": {"name": "Minicoy", "timezone_name": "Asia/Colombo", "uhslc_id": 153, "uhslc_code": "mini", "ssc_id": "mini", "gloss_id": 29, "country": "India", "country_code": "356", "country_code_alpha": "IN", "fd_span": {"oldest": "2011-09-30", "latest": "2025-02-25"}, "rq_span": {"oldest": null, "latest": null}, "rq_basin": "indian", "rq_versions": null}}, {"type": "Feature", "geometry": {"type": "Point", "coordinates": [45.2583, -12.7817]}, "properties": {"name": "Dzaoudzi", "timezone_name": "Indian/Mayotte", "uhslc_id": 155, "uhslc_code": "dzao", "ssc_id": "dzao", "gloss_id": 96, "country": "Mayotte", "country_code": "175", "country_code_alpha": "YT", "fd_span": {"oldest": "1963-10-17", "latest": "2024-12-14"}, "rq_span": {"oldest": "1963-10-17", "latest": "2018-12-31"}, "rq_basin": "indian", "rq_versions": {"a": {"begin": "1963-10-17", "end": "2018-12-31", "coordinates": [45.2583, -12.7817]}}}}, {"type": "Feature", "geometry": {"type": "Point", "coordinates": [83.283, 17.683]}, "properties": {"name": "Vishakhapatnam", "timezone_name": "Asia/Colombo", "uhslc_id": 157, "uhslc_code": "vish", "ssc_id": "vish", "gloss_id": 35, "country": "India", "country_code": "356", "country_code_alpha": "IN", "fd_span": {"oldest": "2011-10-01", "latest": "2026-05-19"}, "rq_span": {"oldest": null, "latest": null}, "rq_basin": "indian", "rq_versions": null}}, {"type": "Feature", "geometry": {"type": "Point", "coordinates": [109.02356, -7.72649]}, "properties": {"name": "Cilacap", "timezone_name": "Asia/Jakarta", "uhslc_id": 162, "uhslc_code": "cila", "ssc_id": "cili", "gloss_id": 291, "country": "Indonesia", "country_code": "360", "country_code_alpha": "ID", "fd_span": {"oldest": "2018-04-01", "latest": "2026-06-30"}, "rq_span": {"oldest": "1984-03-31", "latest": "2024-12-31"}, "rq_basin": "indian", "rq_versions": {"a": {"begin": "1984-03-31", "end": "2004-03-31", "coordinates": [109.0167, -7.7517]}, "b": {"begin": "2007-02-20", "end": "2017-07-13", "coordinates": [109.0167, -7.7517]}, "c": {"begin": "2018-04-01", "end": "2024-12-31", "coordinates": [109.02356, -7.72649]}}}}, {"type": "Feature", "geometry": {"type": "Point", "coordinates": [115.20987, -8.74643]}, "properties": {"name": "Benoa", "timezone_name": "Asia/Makassar", "uhslc_id": 163, "uhslc_code": "beno", "ssc_id": "beno", "gloss_id": 49, "country": "Indonesia", "country_code": "360", "country_code_alpha": "ID", "fd_span": {"oldest": "2006-01-25", "latest": "2026-06-30"}, "rq_span": {"oldest": "1988-04-29", "latest": "2024-12-31"}, "rq_basin": "indian", "rq_versions": {"a": {"begin": "1988-04-29", "end": "2004-12-29", "coordinates": [115.21, -8.745]}, "b": {"begin": "2006-01-24", "end": "2024-12-31", "coordinates": [115.20987, -8.74643]}}}}, {"type": "Feature", "geometry": {"type": "Point", "coordinates": [55.285, -20.935]}, "properties": {"name": "Pointe des Galets", "timezone_name": "Indian/Reunion", "uhslc_id": 164, "uhslc_code": "reun", "ssc_id": "reun", "gloss_id": 17, "country": "R\u00e9union", "country_code": "638", "country_code_alpha": "RE", "fd_span": {"oldest": "1967-03-01", "latest": "2026-06-30"}, "rq_span": {"oldest": "1967-02-28", "latest": "2018-12-31"}, "rq_basin": "indian", "rq_versions": {"a": {"begin": "1967-02-28", "end": "2018-12-31", "coordinates": [55.285, -20.935]}}}}, {"type": "Feature", "geometry": {"type": "Point", "coordinates": [122.2183, -18.0017]}, "properties": {"name": "Broome", "timezone_name": "Australia/Perth", "uhslc_id": 166, "uhslc_code": "brom", "ssc_id": "brom", "gloss_id": 40, "country": "Australia", "country_code": "036", "country_code_alpha": "AU", "fd_span": {"oldest": "1986-07-13", "latest": "2026-06-30"}, "rq_span": {"oldest": "1986-07-12", "latest": "2021-12-31"}, "rq_basin": "indian", "rq_versions": {"a": {"begin": "1986-07-12", "end": "2021-12-31", "coordinates": [122.2183, -18.0017]}}}}, {"type": "Feature", "geometry": {"type": "Point", "coordinates": [113.6517, -24.8983]}, "properties": {"name": "Carnarvon", "timezone_name": "Australia/Perth", "uhslc_id": 167, "uhslc_code": "carn", "ssc_id": "carn", "gloss_id": 52, "country": "Australia", "country_code": "036", "country_code_alpha": "AU", "fd_span": {"oldest": "1984-04-07", "latest": "2021-12-31"}, "rq_span": {"oldest": "1984-04-07", "latest": "2021-12-31"}, "rq_basin": "indian", "rq_versions": {"a": {"begin": "1984-04-07", "end": "2021-12-31", "coordinates": [113.6517, -24.8983]}}}}, {"type": "Feature", "geometry": {"type": "Point", "coordinates": [130.8467, -12.4717]}, "properties": {"name": "Darwin", "timezone_name": "Australia/Darwin", "uhslc_id": 168, "uhslc_code": "darw", "ssc_id": "darw", "gloss_id": 62, "country": "Australia", "country_code": "036", "country_code_alpha": "AU", "fd_span": {"oldest": "1984-01-01", "latest": "2026-06-30"}, "rq_span": {"oldest": "1984-01-01", "latest": "2021-12-31"}, "rq_basin": "indian", "rq_versions": {"a": {"begin": "1984-01-01", "end": "2021-12-31", "coordinates": [130.8467, -12.4717]}}}}, {"type": "Feature", "geometry": {"type": "Point", "coordinates": [118.575, -20.3183]}, "properties": {"name": "Port Hedland", "timezone_name": "Australia/Perth", "uhslc_id": 169, "uhslc_code": "pthe", "ssc_id": "pthe", "gloss_id": 51, "country": "Australia", "country_code": "036", "country_code_alpha": "AU", "fd_span": {"oldest": "1984-01-01", "latest": "2021-12-31"}, "rq_span": {"oldest": "1984-01-01", "latest": "2021-12-31"}, "rq_basin": "indian", "rq_versions": {"a": {"begin": "1984-01-01", "end": "2021-12-31", "coordinates": [118.575, -20.3183]}}}}, {"type": "Feature", "geometry": {"type": "Point", "coordinates": [105.6667, -10.4167]}, "properties": {"name": "Christmas", "timezone_name": "Indian/Christmas", "uhslc_id": 170, "uhslc_code": "chrs", "ssc_id": "chrs", "gloss_id": 47, "country": "Christmas Island", "country_code": "162", "country_code_alpha": "CX", "fd_span": {"oldest": "1986-09-30", "latest": "2026-06-30"}, "rq_span": {"oldest": "1986-09-29", "latest": "2021-12-31"}, "rq_basin": "indian", "rq_versions": {"a": {"begin": "1986-09-29", "end": "2021-12-31", "coordinates": [105.6667, -10.4167]}}}}, {"type": "Feature", "geometry": {"type": "Point", "coordinates": [96.8917, -12.1167]}, "properties": {"name": "Cocos", "timezone_name": "Indian/Cocos", "uhslc_id": 171, "uhslc_code": "cocb", "ssc_id": "cocb", "gloss_id": 46, "country": "Cocos (Keeling) Islands", "country_code": "166", "country_code_alpha": "CC", "fd_span": {"oldest": "1985-12-12", "latest": "2026-06-30"}, "rq_span": {"oldest": "1985-12-11", "latest": "2021-12-31"}, "rq_basin": "indian", "rq_versions": {"a": {"begin": "1985-12-11", "end": "2021-12-31", "coordinates": [96.8917, -12.1167]}}}}, {"type": "Feature", "geometry": {"type": "Point", "coordinates": [44.975, 12.7883]}, "properties": {"name": "Aden", "timezone_name": "Asia/Aden", "uhslc_id": 172, "uhslc_code": "aden", "ssc_id": "aden", "gloss_id": 3, "country": "Yemen", "country_code": "887", "country_code_alpha": "YE", "fd_span": {"oldest": "2007-10-09", "latest": "2018-11-25"}, "rq_span": {"oldest": "2007-10-09", "latest": "2014-12-31"}, "rq_basin": "indian", "rq_versions": {"a": {"begin": "2007-10-09", "end": "2014-12-31", "coordinates": [44.975, 12.7883]}}}}, {"type": "Feature", "geometry": {"type": "Point", "coordinates": [77.9667, -68.45]}, "properties": {"name": "Davis", "timezone_name": "Antarctica/Davis", "uhslc_id": 173, "uhslc_code": "davi", "ssc_id": "davi", "gloss_id": 277, "country": "Antarctica", "country_code": "010", "country_code_alpha": "AQ", "fd_span": {"oldest": "1993-04-22", "latest": "2010-01-28"}, "rq_span": {"oldest": "1993-04-22", "latest": "2010-01-28"}, "rq_basin": "indian", "rq_versions": {"a": {"begin": "1993-04-22", "end": "2010-01-28", "coordinates": [77.9667, -68.45]}}}}, {"type": "Feature", "geometry": {"type": "Point", "coordinates": [76.267, 9.967]}, "properties": {"name": "Cochin", "timezone_name": "Asia/Colombo", "uhslc_id": 174, "uhslc_code": "coch", "ssc_id": "coch", "gloss_id": 32, "country": "India", "country_code": "356", "country_code_alpha": "IN", "fd_span": {"oldest": "2011-10-01", "latest": "2026-06-30"}, "rq_span": {"oldest": null, "latest": null}, "rq_basin": "indian", "rq_versions": null}}, {"type": "Feature", "geometry": {"type": "Point", "coordinates": [115.7333, -32.05]}, "properties": {"name": "Fremantle", "timezone_name": "Australia/Perth", "uhslc_id": 175, "uhslc_code": "frem", "ssc_id": "frem", "gloss_id": 53, "country": "Australia", "country_code": "036", "country_code_alpha": "AU", "fd_span": {"oldest": "1984-01-01", "latest": "2026-06-30"}, "rq_span": {"oldest": "1984-01-01", "latest": "2021-12-31"}, "rq_basin": "indian", "rq_versions": {"a": {"begin": "1984-01-01", "end": "2021-12-31", "coordinates": [115.7333, -32.05]}}}}, {"type": "Feature", "geometry": {"type": "Point", "coordinates": [121.8967, -33.87]}, "properties": {"name": "Esperance", "timezone_name": "Australia/Perth", "uhslc_id": 176, "uhslc_code": "espe", "ssc_id": "espe", "gloss_id": 54, "country": "Australia", "country_code": "036", "country_code_alpha": "AU", "fd_span": {"oldest": "1985-01-01", "latest": "2026-06-30"}, "rq_span": {"oldest": "1985-01-01", "latest": "2021-12-31"}, "rq_basin": "indian", "rq_versions": {"a": {"begin": "1985-01-01", "end": "2021-12-31", "coordinates": [121.8967, -33.87]}}}}, {"type": "Feature", "geometry": {"type": "Point", "coordinates": [62.8667, -67.6]}, "properties": {"name": "Mawson", "timezone_name": "Antarctica/Mawson", "uhslc_id": 177, "uhslc_code": "maws", "ssc_id": "maws", "gloss_id": 22, "country": "Antarctica", "country_code": "010", "country_code_alpha": "AQ", "fd_span": {"oldest": "1992-01-05", "latest": "2009-12-21"}, "rq_span": {"oldest": "1992-01-05", "latest": "2009-12-21"}, "rq_basin": "indian", "rq_versions": {"a": {"begin": "1992-01-05", "end": "2009-12-21", "coordinates": [62.8667, -67.6]}}}}, {"type": "Feature", "geometry": {"type": "Point", "coordinates": [51.87, -46.425]}, "properties": {"name": "Crozet", "timezone_name": "Indian/Kerguelen", "uhslc_id": 178, "uhslc_code": "croz", "ssc_id": "croz", "gloss_id": 21, "country": "French Southern Territories", "country_code": "260", "country_code_alpha": "TF", "fd_span": {"oldest": "2000-03-12", "latest": "2001-07-29"}, "rq_span": {"oldest": "1995-11-18", "latest": "2001-07-29"}, "rq_basin": "indian", "rq_versions": {"a": {"begin": "1995-11-18", "end": "1999-06-27", "coordinates": [51.87, -46.425]}, "b": {"begin": "2000-03-12", "end": "2001-07-29", "coordinates": [51.87, -46.425]}}}}, {"type": "Feature", "geometry": {"type": "Point", "coordinates": [77.5383, -38.7117]}, "properties": {"name": "Saint Paul", "timezone_name": "Indian/Kerguelen", "uhslc_id": 179, "uhslc_code": "stpa", "ssc_id": "stpa", "gloss_id": 24, "country": "French Southern Territories", "country_code": "260", "country_code_alpha": "TF", "fd_span": {"oldest": "1994-10-25", "latest": "2022-01-22"}, "rq_span": {"oldest": "1994-10-25", "latest": "2006-12-24"}, "rq_basin": "indian", "rq_versions": {"a": {"begin": "1994-10-25", "end": "2006-12-24", "coordinates": [77.5383, -38.7117]}}}}, {"type": "Feature", "geometry": {"type": "Point", "coordinates": [70.22, -49.345]}, "properties": {"name": "Kerguelen", "timezone_name": "Indian/Kerguelen", "uhslc_id": 180, "uhslc_code": "kerg", "ssc_id": "kerg", "gloss_id": 23, "country": "French Southern Territories", "country_code": "260", "country_code_alpha": "TF", "fd_span": {"oldest": "1993-04-05", "latest": "2013-06-03"}, "rq_span": {"oldest": "1993-04-05", "latest": "2012-12-31"}, "rq_basin": "indian", "rq_versions": {"a": {"begin": "1993-04-05", "end": "2012-12-31", "coordinates": [70.22, -49.345]}}}}, {"type": "Feature", "geometry": {"type": "Point", "coordinates": [31.05, -29.8667]}, "properties": {"name": "Durban", "timezone_name": "Africa/Johannesburg", "uhslc_id": 181, "uhslc_code": "durb", "ssc_id": "durb", "gloss_id": 13, "country": "South Africa", "country_code": "710", "country_code_alpha": "ZA", "fd_span": {"oldest": "1970-10-01", "latest": "2026-06-30"}, "rq_span": {"oldest": "1970-09-30", "latest": "2018-12-31"}, "rq_basin": "indian", "rq_versions": {"a": {"begin": "1970-09-30", "end": "2018-12-31", "coordinates": [31.05, -29.8667]}}}}, {"type": "Feature", "geometry": {"type": "Point", "coordinates": [25.63, -33.96]}, "properties": {"name": "Port Elizabeth", "timezone_name": "Africa/Johannesburg", "uhslc_id": 184, "uhslc_code": "prte", "ssc_id": "prte", "gloss_id": 76, "country": "South Africa", "country_code": "710", "country_code_alpha": "ZA", "fd_span": {"oldest": "1973-03-02", "latest": "2026-06-19"}, "rq_span": {"oldest": "1973-03-01", "latest": "2018-12-31"}, "rq_basin": "indian", "rq_versions": {"a": {"begin": "1973-03-01", "end": "2018-12-31", "coordinates": [25.63, -33.96]}}}}, {"type": "Feature", "geometry": {"type": "Point", "coordinates": [22.1333, -34.1833]}, "properties": {"name": "Mossel Bay", "timezone_name": "Africa/Johannesburg", "uhslc_id": 185, "uhslc_code": "moss", "ssc_id": "moss", "gloss_id": 0, "country": "South Africa", "country_code": "710", "country_code_alpha": "ZA", "fd_span": {"oldest": "1964-01-01", "latest": "2018-10-31"}, "rq_span": {"oldest": "1964-01-01", "latest": "2016-12-31"}, "rq_basin": "indian", "rq_versions": {"a": {"begin": "1964-01-01", "end": "2016-12-31", "coordinates": [22.1333, -34.1833]}}}}, {"type": "Feature", "geometry": {"type": "Point", "coordinates": [23.045, -34.05]}, "properties": {"name": "Knysna", "timezone_name": "Africa/Johannesburg", "uhslc_id": 186, "uhslc_code": "knys", "ssc_id": "knys", "gloss_id": 0, "country": "South Africa", "country_code": "710", "country_code_alpha": "ZA", "fd_span": {"oldest": "1966-01-01", "latest": "2018-10-31"}, "rq_span": {"oldest": "1966-01-01", "latest": "2016-12-31"}, "rq_basin": "indian", "rq_versions": {"a": {"begin": "1966-01-01", "end": "2016-12-31", "coordinates": [23.045, -34.05]}}}}, {"type": "Feature", "geometry": {"type": "Point", "coordinates": [27.9167, -33.0167]}, "properties": {"name": "East London", "timezone_name": "Africa/Johannesburg", "uhslc_id": 187, "uhslc_code": "ealo", "ssc_id": "ealo", "gloss_id": 0, "country": "South Africa", "country_code": "710", "country_code_alpha": "ZA", "fd_span": {"oldest": "1965-05-21", "latest": "2018-10-31"}, "rq_span": {"oldest": "1965-05-21", "latest": "2016-12-31"}, "rq_basin": "indian", "rq_versions": {"a": {"begin": "1965-05-21", "end": "2016-12-31", "coordinates": [27.9167, -33.0167]}}}}, {"type": "Feature", "geometry": {"type": "Point", "coordinates": [32.0833, -28.8]}, "properties": {"name": "Richard's Bay", "timezone_name": "Africa/Johannesburg", "uhslc_id": 188, "uhslc_code": "rich", "ssc_id": "rich", "gloss_id": 0, "country": "South Africa", "country_code": "710", "country_code_alpha": "ZA", "fd_span": {"oldest": "1977-06-08", "latest": "2018-10-31"}, "rq_span": {"oldest": "1977-06-08", "latest": "2016-12-29"}, "rq_basin": "indian", "rq_versions": {"a": {"begin": "1977-06-08", "end": "2016-12-29", "coordinates": [32.0833, -28.8]}}}}, {"type": "Feature", "geometry": {"type": "Point", "coordinates": [140.01, -66.6617]}, "properties": {"name": "Dumont d'Urville", "timezone_name": "Antarctica/DumontDUrville", "uhslc_id": 189, "uhslc_code": "dumo", "ssc_id": "dumo", "gloss_id": 131, "country": "Antarctica", "country_code": "010", "country_code_alpha": "AQ", "fd_span": {"oldest": "2008-01-16", "latest": "2023-02-28"}, "rq_span": {"oldest": "2008-01-16", "latest": "2010-08-19"}, "rq_basin": "indian", "rq_versions": {"a": {"begin": "2008-01-16", "end": "2010-08-19", "coordinates": [140.01, -66.6617]}}}}, {"type": "Feature", "geometry": {"type": "Point", "coordinates": [40.4867, -12.9683]}, "properties": {"name": "Pemba", "timezone_name": "Africa/Maputo", "uhslc_id": 192, "uhslc_code": "pemb", "ssc_id": "pemb", "gloss_id": 11, "country": "Mozambique", "country_code": "508", "country_code_alpha": "MZ", "fd_span": {"oldest": "2007-04-19", "latest": "2013-06-28"}, "rq_span": {"oldest": "1971-09-30", "latest": "2013-06-28"}, "rq_basin": "indian", "rq_versions": {"a": {"begin": "1971-09-30", "end": "1973-01-31", "coordinates": [40.5, -12.9667]}, "b": {"begin": "1982-12-13", "end": "1984-11-30", "coordinates": [40.4883, -12.9667]}, "c": {"begin": "2007-04-19", "end": "2013-06-28", "coordinates": [40.4867, -12.9683]}}}}, {"type": "Feature", "geometry": {"type": "Point", "coordinates": [354.6833, 35.9]}, "properties": {"name": "Ceuta", "timezone_name": "Africa/Ceuta", "uhslc_id": 207, "uhslc_code": "ceut", "ssc_id": "ceut", "gloss_id": 249, "country": "Spain", "country_code": "724", "country_code_alpha": "ES", "fd_span": {"oldest": "1944-03-01", "latest": "2024-09-24"}, "rq_span": {"oldest": "1944-03-01", "latest": "2017-12-31"}, "rq_basin": "atlantic", "rq_versions": {"a": {"begin": "1944-03-01", "end": "2017-12-31", "coordinates": [354.6833, 35.9]}}}}, {"type": "Feature", "geometry": {"type": "Point", "coordinates": [350.5833, 38.6917]}, "properties": {"name": "Cascais", "timezone_name": "Europe/Lisbon", "uhslc_id": 209, "uhslc_code": "casc", "ssc_id": "casc", "gloss_id": 246, "country": "Portugal", "country_code": "620", "country_code_alpha": "PT", "fd_span": {"oldest": "1959-01-01", "latest": "2026-06-30"}, "rq_span": {"oldest": "1959-01-01", "latest": "2005-12-31"}, "rq_basin": "atlantic", "rq_versions": {"a": {"begin": "1959-01-01", "end": "2005-12-31", "coordinates": [350.5833, 38.6917]}}}}, {"type": "Feature", "geometry": {"type": "Point", "coordinates": [328.88, 39.4533]}, "properties": {"name": "Flores, Santa Cruz", "timezone_name": "Atlantic/Azores", "uhslc_id": 210, "uhslc_code": "santf", "ssc_id": "santf", "gloss_id": 244, "country": "Portugal", "country_code": "620", "country_code_alpha": "PT", "fd_span": {"oldest": "1976-07-09", "latest": "2009-11-24"}, "rq_span": {"oldest": "1976-07-09", "latest": "2009-11-24"}, "rq_basin": "atlantic", "rq_versions": {"a": {"begin": "1976-07-09", "end": "2009-11-24", "coordinates": [328.88, 39.4533]}}}}, {"type": "Feature", "geometry": {"type": "Point", "coordinates": [334.3286, 37.7356]}, "properties": {"name": "Ponta Delgada", "timezone_name": "Atlantic/Azores", "uhslc_id": 211, "uhslc_code": "pdel", "ssc_id": "pdas", "gloss_id": 245, "country": "Portugal", "country_code": "620", "country_code_alpha": "PT", "fd_span": {"oldest": "1978-05-19", "latest": "2026-06-30"}, "rq_span": {"oldest": "1978-05-19", "latest": "2024-12-31"}, "rq_basin": "atlantic", "rq_versions": {"a": {"begin": "1978-05-19", "end": "2024-12-31", "coordinates": [334.3286, 37.7356]}}}}, {"type": "Feature", "geometry": {"type": "Point", "coordinates": [344.5833, 28.1333]}, "properties": {"name": "Las Palmas", "timezone_name": "Europe/Madrid", "uhslc_id": 217, "uhslc_code": "pluz", "ssc_id": "pluz", "gloss_id": 251, "country": "Spain", "country_code": "724", "country_code_alpha": "ES", "fd_span": {"oldest": "1991-05-07", "latest": "2024-09-24"}, "rq_span": {"oldest": "1949-04-17", "latest": "2017-12-31"}, "rq_basin": "atlantic", "rq_versions": {"a": {"begin": "1949-04-17", "end": "1991-12-31", "coordinates": [344.6, 28.1]}, "b": {"begin": "1971-01-01", "end": "1983-05-17", "coordinates": [344.6, 28.1]}, "c": {"begin": "1983-06-23", "end": "1991-12-31", "coordinates": [344.6, 28.1]}, "d": {"begin": "1991-05-07", "end": "2017-12-31", "coordinates": [344.5833, 28.1333]}}}}, {"type": "Feature", "geometry": {"type": "Point", "coordinates": [343.0867, 32.6433]}, "properties": {"name": "Funchal", "timezone_name": "Atlantic/Madeira", "uhslc_id": 218, "uhslc_code": "func", "ssc_id": "func", "gloss_id": 250, "country": "Portugal", "country_code": "620", "country_code_alpha": "PT", "fd_span": {"oldest": "1976-10-06", "latest": "2013-12-31"}, "rq_span": {"oldest": "1976-10-06", "latest": "2013-12-31"}, "rq_basin": "atlantic", "rq_versions": {"b": {"begin": "1976-10-06", "end": "2013-12-31", "coordinates": [343.0867, 32.6433]}}}}, {"type": "Feature", "geometry": {"type": "Point", "coordinates": [14.5, -22.95]}, "properties": {"name": "Walvis Bay", "timezone_name": "Africa/Windhoek", "uhslc_id": 220, "uhslc_code": "walvi", "ssc_id": "walvi", "gloss_id": 314, "country": "Namibia", "country_code": "516", "country_code_alpha": "NA", "fd_span": {"oldest": "1959-01-01", "latest": "2016-03-07"}, "rq_span": {"oldest": "1959-01-01", "latest": "2015-12-04"}, "rq_basin": "atlantic", "rq_versions": {"a": {"begin": "1959-01-01", "end": "2015-12-04", "coordinates": [14.5, -22.95]}}}}, {"type": "Feature", "geometry": {"type": "Point", "coordinates": [18.4333, -34.1833]}, "properties": {"name": "Simon's Town", "timezone_name": "Africa/Johannesburg", "uhslc_id": 221, "uhslc_code": "sitin", "ssc_id": "sitin", "gloss_id": 268, "country": "South Africa", "country_code": "710", "country_code_alpha": "ZA", "fd_span": {"oldest": "1959-04-24", "latest": "2024-02-04"}, "rq_span": {"oldest": "1959-04-24", "latest": "2018-12-31"}, "rq_basin": "atlantic", "rq_versions": {"a": {"begin": "1959-04-24", "end": "2018-12-31", "coordinates": [18.4333, -34.1833]}}}}, {"type": "Feature", "geometry": {"type": "Point", "coordinates": [342.57963, 14.67619]}, "properties": {"name": "Dakar", "timezone_name": "Africa/Dakar", "uhslc_id": 223, "uhslc_code": "daka", "ssc_id": "dakar", "gloss_id": 253, "country": "Senegal", "country_code": "686", "country_code_alpha": "SN", "fd_span": {"oldest": "1992-03-15", "latest": "2024-02-26"}, "rq_span": {"oldest": "1982-12-24", "latest": "2022-11-23"}, "rq_basin": "atlantic", "rq_versions": {"a": {"begin": "1982-12-24", "end": "1983-12-11", "coordinates": [342.57, 14.6667]}, "b": {"begin": "1983-12-12", "end": "1985-01-08", "coordinates": [342.57, 14.6667]}, "c": {"begin": "1986-05-30", "end": "1986-12-16", "coordinates": [342.57, 14.6667]}, "d": {"begin": "1986-12-16", "end": "1989-05-24", "coordinates": [342.57, 14.6667]}, "e": {"begin": "1992-03-15", "end": "2022-11-23", "coordinates": [342.57963, 14.67619]}}}}, {"type": "Feature", "geometry": {"type": "Point", "coordinates": [6.73667, 0.348333]}, "properties": {"name": "Sao Tome", "timezone_name": "Africa/Sao_Tome", "uhslc_id": 225, "uhslc_code": "saot", "ssc_id": "saot", "gloss_id": 260, "country": "Sao Tome and Principe", "country_code": "678", "country_code_alpha": "ST", "fd_span": {"oldest": "1985-12-04", "latest": "2010-08-09"}, "rq_span": {"oldest": "1985-12-04", "latest": "1988-11-30"}, "rq_basin": "atlantic", "rq_versions": {"a": {"begin": "1985-12-04", "end": "1988-11-30", "coordinates": [6.73667, 0.348333]}}}}, {"type": "Feature", "geometry": {"type": "Point", "coordinates": [307.7283, 4.8533]}, "properties": {"name": "Cayenne", "timezone_name": "America/Cayenne", "uhslc_id": 227, "uhslc_code": "caye", "ssc_id": "caye", "gloss_id": 202, "country": "French Guiana", "country_code": "254", "country_code_alpha": "GF", "fd_span": {"oldest": "2006-01-01", "latest": "2011-10-31"}, "rq_span": {"oldest": "2006-01-01", "latest": "2007-12-31"}, "rq_basin": "atlantic", "rq_versions": {"a": {"begin": "2006-01-01", "end": "2007-12-31", "coordinates": [307.7283, 4.8533]}}}}, {"type": "Feature", "geometry": {"type": "Point", "coordinates": [358.255, 4.885]}, "properties": {"name": "Takoradi", "timezone_name": "Africa/Accra", "uhslc_id": 231, "uhslc_code": "tako", "ssc_id": "tako", "gloss_id": 335, "country": "Ghana", "country_code": "288", "country_code_alpha": "GH", "fd_span": {"oldest": "2007-01-04", "latest": "2012-09-08"}, "rq_span": {"oldest": "1983-01-01", "latest": "2012-09-08"}, "rq_basin": "atlantic", "rq_versions": {"a": {"begin": "1983-01-01", "end": "1986-12-31", "coordinates": [358.25, 4.8833]}, "b": {"begin": "2004-07-01", "end": "2005-03-31", "coordinates": [358.25, 4.8833]}, "c": {"begin": "2007-01-04", "end": "2012-09-08", "coordinates": [358.255, 4.885]}}}}, {"type": "Feature", "geometry": {"type": "Point", "coordinates": [3.4117, 6.4233]}, "properties": {"name": "Lagos", "timezone_name": "Africa/Lagos", "uhslc_id": 233, "uhslc_code": "lagos", "ssc_id": "lagos", "gloss_id": 259, "country": "Nigeria", "country_code": "566", "country_code_alpha": "NG", "fd_span": {"oldest": "1992-08-02", "latest": "2009-04-17"}, "rq_span": {"oldest": "1961-05-24", "latest": "1996-10-06"}, "rq_basin": "atlantic", "rq_versions": {"a": {"begin": "1961-05-24", "end": "1970-12-17", "coordinates": [3.45, 6.4167]}, "c": {"begin": "1992-08-02", "end": "1996-10-06", "coordinates": [3.4117, 6.4233]}}}}, {"type": "Feature", "geometry": {"type": "Point", "coordinates": [11.8333, -4.7833]}, "properties": {"name": "Pointe Noire", "timezone_name": "Africa/Brazzaville", "uhslc_id": 234, "uhslc_code": "pntn", "ssc_id": "pntn", "gloss_id": 261, "country": "Congo", "country_code": "178", "country_code_alpha": "CG", "fd_span": {"oldest": "2008-09-10", "latest": "2015-04-18"}, "rq_span": {"oldest": "1980-01-01", "latest": "2015-04-18"}, "rq_basin": "atlantic", "rq_versions": {"a": {"begin": "1980-01-01", "end": "1988-09-29", "coordinates": [11.85, -4.8]}, "b": {"begin": "2008-09-10", "end": "2015-04-18", "coordinates": [11.8333, -4.7833]}}}}, {"type": "Feature", "geometry": {"type": "Point", "coordinates": [337.01725, 16.75478]}, "properties": {"name": "Palmeira", "timezone_name": "Atlantic/Cape_Verde", "uhslc_id": 235, "uhslc_code": "palm", "ssc_id": "palm1", "gloss_id": 329, "country": "Cabo Verde", "country_code": "132", "country_code_alpha": "CV", "fd_span": {"oldest": "2000-03-13", "latest": "2026-06-30"}, "rq_span": {"oldest": "2000-03-12", "latest": "2024-12-31"}, "rq_basin": "atlantic", "rq_versions": {"a": {"begin": "2000-03-12", "end": "2024-12-31", "coordinates": [337.01725, 16.75478]}}}}, {"type": "Feature", "geometry": {"type": "Point", "coordinates": [278.19169999999997, 24.5533]}, "properties": {"name": "Key West", "timezone_name": "America/New_York", "uhslc_id": 242, "uhslc_code": "keyw", "ssc_id": "keyw", "gloss_id": 216, "country": "United States of America", "country_code": "840", "country_code_alpha": "US", "fd_span": {"oldest": "1913-01-20", "latest": "2026-06-30"}, "rq_span": {"oldest": "1913-01-19", "latest": "2021-12-31"}, "rq_basin": "atlantic", "rq_versions": {"a": {"begin": "1913-01-19", "end": "2021-12-31", "coordinates": [278.19169999999997, 24.5533]}}}}, {"type": "Feature", "geometry": {"type": "Point", "coordinates": [293.8833, 18.46]}, "properties": {"name": "San Juan", "timezone_name": "America/Puerto_Rico", "uhslc_id": 245, "uhslc_code": "sanj", "ssc_id": "sanj", "gloss_id": 206, "country": "Puerto Rico", "country_code": "630", "country_code_alpha": "PR", "fd_span": {"oldest": "1977-11-30", "latest": "2026-06-30"}, "rq_span": {"oldest": "1977-11-29", "latest": "2021-12-31"}, "rq_basin": "atlantic", "rq_versions": {"a": {"begin": "1977-11-29", "end": "2021-12-31", "coordinates": [293.8833, 18.46]}}}}, {"type": "Feature", "geometry": {"type": "Point", "coordinates": [288.6733, 41.505]}, "properties": {"name": "Newport", "timezone_name": "America/New_York", "uhslc_id": 253, "uhslc_code": "newp", "ssc_id": "newp", "gloss_id": 290, "country": "United States of America", "country_code": "840", "country_code_alpha": "US", "fd_span": {"oldest": "1930-09-11", "latest": "2026-06-30"}, "rq_span": {"oldest": "1930-09-10", "latest": "2021-12-31"}, "rq_basin": "atlantic", "rq_versions": {"a": {"begin": "1930-09-10", "end": "2021-12-31", "coordinates": [288.6733, 41.505]}}}}, {"type": "Feature", "geometry": {"type": "Point", "coordinates": [281.03301999999996, 26.6899]}, "properties": {"name": "Settlement Point", "timezone_name": "America/Nassau", "uhslc_id": 257, "uhslc_code": "setp", "ssc_id": "setp1", "gloss_id": 211, "country": "Bahamas", "country_code": "044", "country_code_alpha": "BS", "fd_span": {"oldest": "2002-06-05", "latest": "2026-06-30"}, "rq_span": {"oldest": "1985-10-19", "latest": "2018-12-31"}, "rq_basin": "atlantic", "rq_versions": {"a": {"begin": "1985-10-19", "end": "2002-05-31", "coordinates": [281.00329999999997, 26.71]}, "b": {"begin": "2002-06-04", "end": "2018-12-31", "coordinates": [281.03301999999996, 26.6899]}}}}, {"type": "Feature", "geometry": {"type": "Point", "coordinates": [295.2967, 32.3733]}, "properties": {"name": "Bermuda, St. Georges Island", "timezone_name": "Atlantic/Bermuda", "uhslc_id": 259, "uhslc_code": "esso", "ssc_id": "esso", "gloss_id": 221, "country": "Bermuda", "country_code": "060", "country_code_alpha": "BM", "fd_span": {"oldest": "1985-01-01", "latest": "2026-06-30"}, "rq_span": {"oldest": "1932-10-02", "latest": "2019-11-23"}, "rq_basin": "atlantic", "rq_versions": {"a": {"begin": "1932-10-02", "end": "1949-12-31", "coordinates": [295.2967, 32.3733]}, "b": {"begin": "1985-01-01", "end": "2019-11-23", "coordinates": [295.2967, 32.3733]}}}}, {"type": "Feature", "geometry": {"type": "Point", "coordinates": [284.25329999999997, 36.1833]}, "properties": {"name": "Duck Pier", "timezone_name": "America/New_York", "uhslc_id": 260, "uhslc_code": "duck", "ssc_id": "duck", "gloss_id": 219, "country": "United States of America", "country_code": "840", "country_code_alpha": "US", "fd_span": {"oldest": "1978-06-02", "latest": "2026-06-30"}, "rq_span": {"oldest": "1978-06-01", "latest": "2021-12-31"}, "rq_basin": "atlantic", "rq_versions": {"a": {"begin": "1978-06-01", "end": "2021-12-31", "coordinates": [284.25329999999997, 36.1833]}}}}, {"type": "Feature", "geometry": {"type": "Point", "coordinates": [280.075, 32.7817]}, "properties": {"name": "Charleston", "timezone_name": "America/New_York", "uhslc_id": 261, "uhslc_code": "chas", "ssc_id": "chas", "gloss_id": 0, "country": "United States of America", "country_code": "840", "country_code_alpha": "US", "fd_span": {"oldest": "1921-10-02", "latest": "2026-06-28"}, "rq_span": {"oldest": "1901-01-01", "latest": "2021-12-31"}, "rq_basin": "atlantic", "rq_versions": {"a": {"begin": "1901-01-01", "end": "1903-12-31", "coordinates": [280.075, 32.7817]}, "b": {"begin": "1921-10-01", "end": "2021-12-31", "coordinates": [280.075, 32.7817]}}}}, {"type": "Feature", "geometry": {"type": "Point", "coordinates": [285.5817, 39.355]}, "properties": {"name": "Atlantic City", "timezone_name": "America/New_York", "uhslc_id": 264, "uhslc_code": "atla", "ssc_id": "atla", "gloss_id": 220, "country": "United States of America", "country_code": "840", "country_code_alpha": "US", "fd_span": {"oldest": "1911-08-20", "latest": "2026-06-30"}, "rq_span": {"oldest": "1911-08-19", "latest": "2021-12-31"}, "rq_basin": "atlantic", "rq_versions": {"a": {"begin": "1911-08-19", "end": "2021-12-31", "coordinates": [285.5817, 39.355]}}}}, {"type": "Feature", "geometry": {"type": "Point", "coordinates": [280.085, 9.355]}, "properties": {"name": "Cristobal", "timezone_name": "America/Panama", "uhslc_id": 266, "uhslc_code": "coco", "ssc_id": "coco", "gloss_id": 208, "country": "Panama", "country_code": "591", "country_code_alpha": "PA", "fd_span": {"oldest": "1907-04-03", "latest": "2017-12-31"}, "rq_span": {"oldest": "1907-04-03", "latest": "2017-12-31"}, "rq_basin": "atlantic", "rq_versions": {"a": {"begin": "1907-04-03", "end": "2017-12-31", "coordinates": [280.085, 9.355]}}}}, {"type": "Feature", "geometry": {"type": "Point", "coordinates": [276.97962, 9.9887]}, "properties": {"name": "Limon", "timezone_name": "America/Costa_Rica", "uhslc_id": 268, "uhslc_code": "limn", "ssc_id": "limon", "gloss_id": 0, "country": "Costa Rica", "country_code": "188", "country_code_alpha": "CR", "fd_span": {"oldest": "2009-10-16", "latest": "2026-06-30"}, "rq_span": {"oldest": "1970-01-01", "latest": "2024-12-31"}, "rq_basin": "atlantic", "rq_versions": {"a": {"begin": "1970-01-01", "end": "1981-03-01", "coordinates": [276.9667, 10.0]}, "b": {"begin": "2009-10-15", "end": "2024-12-31", "coordinates": [276.97962, 9.9887]}}}}, {"type": "Feature", "geometry": {"type": "Point", "coordinates": [298.9367, 14.6017]}, "properties": {"name": "Fort-de-France", "timezone_name": "America/Martinique", "uhslc_id": 271, "uhslc_code": "ftfr", "ssc_id": "ftfr", "gloss_id": 338, "country": "Martinique", "country_code": "474", "country_code_alpha": "MQ", "fd_span": {"oldest": "1976-10-31", "latest": "2026-06-30"}, "rq_span": {"oldest": "1976-10-30", "latest": "2018-12-31"}, "rq_basin": "atlantic", "rq_versions": {"a": {"begin": "1976-10-30", "end": "2018-12-31", "coordinates": [298.9367, 14.6017]}}}}, {"type": "Feature", "geometry": {"type": "Point", "coordinates": [300.8667, 47.5667]}, "properties": {"name": "Port aux Basques", "timezone_name": "America/St_Johns", "uhslc_id": 273, "uhslc_code": "portj", "ssc_id": "portj", "gloss_id": 0, "country": "Canada", "country_code": "124", "country_code_alpha": "CA", "fd_span": {"oldest": "1997-03-01", "latest": "2023-06-01"}, "rq_span": {"oldest": null, "latest": null}, "rq_basin": "atlantic", "rq_versions": null}}, {"type": "Feature", "geometry": {"type": "Point", "coordinates": [265.81669999999997, 58.7667]}, "properties": {"name": "Churchill", "timezone_name": "America/Winnipeg", "uhslc_id": 274, "uhslc_code": "chur", "ssc_id": "chur", "gloss_id": 0, "country": "Canada", "country_code": "124", "country_code_alpha": "CA", "fd_span": {"oldest": "1961-11-01", "latest": "2024-01-01"}, "rq_span": {"oldest": "1961-11-01", "latest": "2018-12-31"}, "rq_basin": "atlantic", "rq_versions": {"a": {"begin": "1961-11-01", "end": "2018-12-31", "coordinates": [265.81669999999997, 58.7667]}}}}, {"type": "Feature", "geometry": {"type": "Point", "coordinates": [296.4167, 44.6667]}, "properties": {"name": "Halifax", "timezone_name": "America/Halifax", "uhslc_id": 275, "uhslc_code": "hali", "ssc_id": "hali", "gloss_id": 222, "country": "Canada", "country_code": "124", "country_code_alpha": "CA", "fd_span": {"oldest": "1895-10-15", "latest": "2023-06-01"}, "rq_span": {"oldest": "1895-10-15", "latest": "2014-08-13"}, "rq_basin": "atlantic", "rq_versions": {"a": {"begin": "1895-10-15", "end": "2014-08-13", "coordinates": [296.4167, 44.6667]}}}}, {"type": "Feature", "geometry": {"type": "Point", "coordinates": [307.3, 47.5667]}, "properties": {"name": "St. John's", "timezone_name": "America/St_Johns", "uhslc_id": 276, "uhslc_code": "stjo", "ssc_id": "stjo", "gloss_id": 223, "country": "Canada", "country_code": "124", "country_code_alpha": "CA", "fd_span": {"oldest": "1989-09-02", "latest": "2023-06-01"}, "rq_span": {"oldest": "1935-08-02", "latest": "2018-12-31"}, "rq_basin": "atlantic", "rq_versions": {"a": {"begin": "1935-08-02", "end": "1989-09-02", "coordinates": [307.3, 47.5667]}, "b": {"begin": "1989-09-02", "end": "2018-12-31", "coordinates": [307.3, 47.5667]}}}}, {"type": "Feature", "geometry": {"type": "Point", "coordinates": [316.835, -22.8967]}, "properties": {"name": "Ilha Fiscal, Rio de Janeiro", "timezone_name": "America/Sao_Paulo", "uhslc_id": 280, "uhslc_code": "fisc", "ssc_id": "fisc", "gloss_id": 195, "country": "Brazil", "country_code": "076", "country_code_alpha": "BR", "fd_span": {"oldest": "1963-02-02", "latest": "2013-12-31"}, "rq_span": {"oldest": "1963-02-02", "latest": "2013-12-31"}, "rq_basin": "atlantic", "rq_versions": {"a": {"begin": "1963-02-02", "end": "2013-12-31", "coordinates": [316.835, -22.8967]}}}}, {"type": "Feature", "geometry": {"type": "Point", "coordinates": [321.52334, -3.71444]}, "properties": {"name": "Fortaleza", "timezone_name": "America/Fortaleza", "uhslc_id": 283, "uhslc_code": "forz", "ssc_id": "fort", "gloss_id": 336, "country": "Brazil", "country_code": "076", "country_code_alpha": "BR", "fd_span": {"oldest": "2008-04-15", "latest": "2026-06-30"}, "rq_span": {"oldest": "1955-01-01", "latest": "2023-02-27"}, "rq_basin": "atlantic", "rq_versions": {"a": {"begin": "1955-01-01", "end": "1968-12-31", "coordinates": [321.5167, -3.7167]}, "b": {"begin": "1995-11-24", "end": "1998-03-28", "coordinates": [321.5333, -3.7167]}, "c": {"begin": "2008-04-14", "end": "2023-02-27", "coordinates": [321.52334, -3.71444]}}}}, {"type": "Feature", "geometry": {"type": "Point", "coordinates": [294.08531, -47.75354]}, "properties": {"name": "Puerto Deseado", "timezone_name": "America/Argentina/Rio_Gallegos", "uhslc_id": 286, "uhslc_code": "pdes", "ssc_id": "dese", "gloss_id": 190, "country": "Argentina", "country_code": "032", "country_code_alpha": "AR", "fd_span": {"oldest": "2010-03-18", "latest": "2026-06-30"}, "rq_span": {"oldest": "1988-01-06", "latest": "2024-12-31"}, "rq_basin": "atlantic", "rq_versions": {"a": {"begin": "1988-01-06", "end": "1989-12-31", "coordinates": [294.0833, -47.75]}, "b": {"begin": "2010-03-17", "end": "2024-12-31", "coordinates": [294.08531, -47.75354]}}}}, {"type": "Feature", "geometry": {"type": "Point", "coordinates": [338.0667, 64.15]}, "properties": {"name": "Reykjavik", "timezone_name": "Iceland", "uhslc_id": 288, "uhslc_code": "reyk", "ssc_id": "reyk", "gloss_id": 229, "country": "Iceland", "country_code": "352", "country_code_alpha": "IS", "fd_span": {"oldest": "1984-04-16", "latest": "2020-03-20"}, "rq_span": {"oldest": "1984-04-16", "latest": "1999-12-31"}, "rq_basin": "atlantic", "rq_versions": {"a": {"begin": "1984-04-16", "end": "1999-12-31", "coordinates": [338.0667, 64.15]}}}}, {"type": "Feature", "geometry": {"type": "Point", "coordinates": [354.65, 36.1333]}, "properties": {"name": "Gibraltar", "timezone_name": "Europe/Gibraltar", "uhslc_id": 289, "uhslc_code": "gibr", "ssc_id": "gibr", "gloss_id": 248, "country": "Gibraltar", "country_code": "292", "country_code_alpha": "GI", "fd_span": {"oldest": "1993-03-26", "latest": "2026-06-30"}, "rq_span": {"oldest": "1961-07-01", "latest": "2014-05-21"}, "rq_basin": "atlantic", "rq_versions": {"a": {"begin": "1961-07-01", "end": "2014-05-21", "coordinates": [354.65, 36.1333]}, "b": {"begin": "1993-03-25", "end": "2000-04-30", "coordinates": [354.65, 36.1333]}}}}, {"type": "Feature", "geometry": {"type": "Point", "coordinates": [302.06669999999997, -51.75]}, "properties": {"name": "Port Stanley", "timezone_name": "Atlantic/Stanley", "uhslc_id": 290, "uhslc_code": "stan", "ssc_id": "stan", "gloss_id": 305, "country": "Falkland Islands (Malvinas)", "country_code": "238", "country_code_alpha": "FK", "fd_span": {"oldest": "1992-10-29", "latest": "2026-06-30"}, "rq_span": {"oldest": "1964-11-02", "latest": "2014-01-31"}, "rq_basin": "atlantic", "rq_versions": {"a": {"begin": "1964-11-02", "end": "1974-11-30", "coordinates": [302.1333, -52.7]}, "b": {"begin": "1992-10-28", "end": "2014-01-31", "coordinates": [302.06669999999997, -51.75]}}}}, {"type": "Feature", "geometry": {"type": "Point", "coordinates": [345.5833, -7.9167]}, "properties": {"name": "Ascension", "timezone_name": "Etc/Greenwich", "uhslc_id": 291, "uhslc_code": "asce", "ssc_id": "ascen", "gloss_id": 263, "country": "Saint Helena, Ascension and Tristan da Cunha", "country_code": "654", "country_code_alpha": "SH", "fd_span": {"oldest": "1993-05-24", "latest": "2026-06-30"}, "rq_span": {"oldest": "1993-05-23", "latest": "2013-06-19"}, "rq_basin": "atlantic", "rq_versions": {"a": {"begin": "1993-05-23", "end": "2013-06-19", "coordinates": [345.5833, -7.9167]}}}}, {"type": "Feature", "geometry": {"type": "Point", "coordinates": [354.2833, -15.9167]}, "properties": {"name": "St. Helena", "timezone_name": "Atlantic/St_Helena", "uhslc_id": 292, "uhslc_code": "sthl", "ssc_id": "sthl", "gloss_id": 264, "country": "Saint Helena, Ascension and Tristan da Cunha", "country_code": "654", "country_code_alpha": "SH", "fd_span": {"oldest": "2011-01-24", "latest": "2013-02-26"}, "rq_span": {"oldest": "1993-06-05", "latest": "2013-02-26"}, "rq_basin": "atlantic", "rq_versions": {"a": {"begin": "1993-06-05", "end": "2006-12-14", "coordinates": [354.2833, -15.9167]}, "b": {"begin": "2011-01-24", "end": "2013-02-26", "coordinates": [354.2833, -15.9167]}}}}, {"type": "Feature", "geometry": {"type": "Point", "coordinates": [358.86, 60.155]}, "properties": {"name": "Lerwick", "timezone_name": "Europe/London", "uhslc_id": 293, "uhslc_code": "lerw", "ssc_id": "lerw", "gloss_id": 236, "country": "United Kingdom of Great Britain and Northern Ireland", "country_code": "826", "country_code_alpha": "GB", "fd_span": {"oldest": "1959-01-01", "latest": "2016-11-27"}, "rq_span": {"oldest": "1959-01-01", "latest": "2016-11-27"}, "rq_basin": "atlantic", "rq_versions": {"a": {"begin": "1959-01-01", "end": "2016-11-27", "coordinates": [358.86, 60.155]}}}}, {"type": "Feature", "geometry": {"type": "Point", "coordinates": [354.4583, 50.1017]}, "properties": {"name": "Newlyn", "timezone_name": "Europe/London", "uhslc_id": 294, "uhslc_code": "newl", "ssc_id": "newl", "gloss_id": 241, "country": "United Kingdom of Great Britain and Northern Ireland", "country_code": "826", "country_code_alpha": "GB", "fd_span": {"oldest": "1915-04-22", "latest": "2016-12-31"}, "rq_span": {"oldest": "1915-04-22", "latest": "2016-12-31"}, "rq_basin": "atlantic", "rq_versions": {"a": {"begin": "1915-04-22", "end": "2016-12-31", "coordinates": [354.4583, 50.1017]}}}}, {"type": "Feature", "geometry": {"type": "Point", "coordinates": [353.6117, 58.2083]}, "properties": {"name": "Stornoway", "timezone_name": "Europe/London", "uhslc_id": 295, "uhslc_code": "stor", "ssc_id": "stor", "gloss_id": 238, "country": "United Kingdom of Great Britain and Northern Ireland", "country_code": "826", "country_code_alpha": "GB", "fd_span": {"oldest": "1976-01-01", "latest": "2016-12-31"}, "rq_span": {"oldest": "1976-01-01", "latest": "2016-12-31"}, "rq_basin": "atlantic", "rq_versions": {"a": {"begin": "1976-01-01", "end": "2016-12-31", "coordinates": [353.6117, 58.2083]}}}}, {"type": "Feature", "geometry": {"type": "Point", "coordinates": [313.9667, 60.7167]}, "properties": {"name": "Qaqortoq", "timezone_name": "America/Nuuk", "uhslc_id": 299, "uhslc_code": "qaqo", "ssc_id": "qaqo", "gloss_id": 344, "country": "Greenland", "country_code": "304", "country_code_alpha": "GL", "fd_span": {"oldest": "1991-09-05", "latest": "2026-06-30"}, "rq_span": {"oldest": "1991-09-04", "latest": "1998-12-31"}, "rq_basin": "atlantic", "rq_versions": {"a": {"begin": "1991-09-04", "end": "1998-12-31", "coordinates": [313.9667, 60.7167]}}}}, {"type": "Feature", "geometry": {"type": "Point", "coordinates": [280.4267, 8.965]}, "properties": {"name": "Balboa", "timezone_name": "America/Panama", "uhslc_id": 302, "uhslc_code": "balb", "ssc_id": "balb", "gloss_id": 168, "country": "Panama", "country_code": "591", "country_code_alpha": "PA", "fd_span": {"oldest": "1907-06-19", "latest": "2018-12-31"}, "rq_span": {"oldest": "1907-06-19", "latest": "2018-12-31"}, "rq_basin": "pacific", "rq_versions": {"a": {"begin": "1907-06-19", "end": "2018-12-31", "coordinates": [280.4267, 8.965]}}}}, {"type": "Feature", "geometry": {"type": "Point", "coordinates": [260.1483, 16.8417]}, "properties": {"name": "Acapulco", "timezone_name": "America/Mexico_City", "uhslc_id": 316, "uhslc_code": "acap", "ssc_id": "acap", "gloss_id": 267, "country": "Mexico", "country_code": "484", "country_code_alpha": "MX", "fd_span": {"oldest": "2007-05-24", "latest": "2011-04-25"}, "rq_span": {"oldest": "1952-05-01", "latest": "2011-04-25"}, "rq_basin": "pacific", "rq_versions": {"a": {"begin": "1952-05-01", "end": "1995-12-31", "coordinates": [260.0883, 16.84]}, "b": {"begin": "1999-02-13", "end": "2005-12-31", "coordinates": [260.0883, 16.84]}, "c": {"begin": "2007-05-24", "end": "2011-04-25", "coordinates": [260.1483, 16.8417]}}}}, {"type": "Feature", "geometry": {"type": "Point", "coordinates": [243.36669999999998, 31.85]}, "properties": {"name": "Ensenada", "timezone_name": "America/Tijuana", "uhslc_id": 317, "uhslc_code": "ense", "ssc_id": "ense", "gloss_id": 0, "country": "Mexico", "country_code": "484", "country_code_alpha": "MX", "fd_span": {"oldest": "1956-05-24", "latest": "2009-09-30"}, "rq_span": {"oldest": "1956-05-24", "latest": "1991-05-02"}, "rq_basin": "pacific", "rq_versions": {"a": {"begin": "1956-05-24", "end": "1991-05-02", "coordinates": [243.36669999999998, 31.85]}}}}, {"type": "Feature", "geometry": {"type": "Point", "coordinates": [99.8167, 11.795]}, "properties": {"name": "Ko Lak", "timezone_name": "Asia/Bangkok", "uhslc_id": 328, "uhslc_code": "kola", "ssc_id": "kola", "gloss_id": 39, "country": "Thailand", "country_code": "764", "country_code_alpha": "TH", "fd_span": {"oldest": "1985-01-01", "latest": "2025-12-31"}, "rq_span": {"oldest": "1985-01-01", "latest": "2019-12-31"}, "rq_basin": "pacific", "rq_versions": {"a": {"begin": "1985-01-01", "end": "2019-12-31", "coordinates": [99.8167, 11.795]}}}}, {"type": "Feature", "geometry": {"type": "Point", "coordinates": [114.2167, 22.3]}, "properties": {"name": "Quarry Bay", "timezone_name": "Asia/Hong_Kong", "uhslc_id": 329, "uhslc_code": "quar", "ssc_id": "quar", "gloss_id": 77, "country": "Hong Kong", "country_code": "344", "country_code_alpha": "HK", "fd_span": {"oldest": "1986-01-01", "latest": "2026-06-30"}, "rq_span": {"oldest": "1962-01-01", "latest": "2024-12-31"}, "rq_basin": "pacific", "rq_versions": {"a": {"begin": "1962-01-01", "end": "1985-12-31", "coordinates": [114.2, 22.3]}, "b": {"begin": "1986-01-01", "end": "2024-12-31", "coordinates": [114.2167, 22.3]}}}}, {"type": "Feature", "geometry": {"type": "Point", "coordinates": [153.1667, -27.3667]}, "properties": {"name": "Brisbane", "timezone_name": "Australia/Brisbane", "uhslc_id": 331, "uhslc_code": "bris", "ssc_id": "bris", "gloss_id": 58, "country": "Australia", "country_code": "036", "country_code_alpha": "AU", "fd_span": {"oldest": "1984-01-01", "latest": "2026-06-30"}, "rq_span": {"oldest": "1984-01-01", "latest": "2021-12-31"}, "rq_basin": "pacific", "rq_versions": {"a": {"begin": "1984-01-01", "end": "2021-12-31", "coordinates": [153.1667, -27.3667]}}}}, {"type": "Feature", "geometry": {"type": "Point", "coordinates": [152.38, -24.7667]}, "properties": {"name": "Bundaberg", "timezone_name": "Australia/Brisbane", "uhslc_id": 332, "uhslc_code": "burn", "ssc_id": "burn", "gloss_id": 59, "country": "Australia", "country_code": "036", "country_code_alpha": "AU", "fd_span": {"oldest": "1984-01-01", "latest": "2026-06-30"}, "rq_span": {"oldest": "1984-01-01", "latest": "2021-12-31"}, "rq_basin": "pacific", "rq_versions": {"a": {"begin": "1984-01-01", "end": "2021-12-31", "coordinates": [152.38, -24.7667]}}}}, {"type": "Feature", "geometry": {"type": "Point", "coordinates": [151.2267, -33.855]}, "properties": {"name": "Fort Denison, Sydney", "timezone_name": "Australia/Sydney", "uhslc_id": 333, "uhslc_code": "sydn", "ssc_id": "sydn", "gloss_id": 57, "country": "Australia", "country_code": "036", "country_code_alpha": "AU", "fd_span": {"oldest": "1965-01-01", "latest": "2026-06-30"}, "rq_span": {"oldest": "1965-01-01", "latest": "2021-12-31"}, "rq_basin": "pacific", "rq_versions": {"a": {"begin": "1965-01-01", "end": "2021-12-31", "coordinates": [151.2267, -33.855]}}}}, {"type": "Feature", "geometry": {"type": "Point", "coordinates": [146.8333, -19.25]}, "properties": {"name": "Townsville", "timezone_name": "Australia/Brisbane", "uhslc_id": 334, "uhslc_code": "town", "ssc_id": "town", "gloss_id": 60, "country": "Australia", "country_code": "036", "country_code_alpha": "AU", "fd_span": {"oldest": "1984-01-01", "latest": "2026-06-30"}, "rq_span": {"oldest": "1984-01-01", "latest": "2021-12-31"}, "rq_basin": "pacific", "rq_versions": {"a": {"begin": "1984-01-01", "end": "2021-12-31", "coordinates": [146.8333, -19.25]}}}}, {"type": "Feature", "geometry": {"type": "Point", "coordinates": [147.9317, -42.5467]}, "properties": {"name": "Spring Bay", "timezone_name": "Australia/Hobart", "uhslc_id": 335, "uhslc_code": "sprg", "ssc_id": "sprg", "gloss_id": 56, "country": "Australia", "country_code": "036", "country_code_alpha": "AU", "fd_span": {"oldest": "1985-04-13", "latest": "2026-06-30"}, "rq_span": {"oldest": "1985-04-12", "latest": "2021-12-31"}, "rq_basin": "pacific", "rq_versions": {"a": {"begin": "1985-04-12", "end": "2021-12-31", "coordinates": [147.9317, -42.5467]}}}}, {"type": "Feature", "geometry": {"type": "Point", "coordinates": [141.91, -10.6033]}, "properties": {"name": "Booby Island", "timezone_name": "Australia/Brisbane", "uhslc_id": 336, "uhslc_code": "boob", "ssc_id": "boob", "gloss_id": 61, "country": "Australia", "country_code": "036", "country_code_alpha": "AU", "fd_span": {"oldest": "1988-01-01", "latest": "2026-06-30"}, "rq_span": {"oldest": "1988-01-01", "latest": "2021-12-31"}, "rq_basin": "pacific", "rq_versions": {"a": {"begin": "1988-01-01", "end": "2021-12-31", "coordinates": [141.91, -10.6033]}}}}, {"type": "Feature", "geometry": {"type": "Point", "coordinates": [120.2883, 22.615]}, "properties": {"name": "Kaohsiung", "timezone_name": "Asia/Taipei", "uhslc_id": 340, "uhslc_code": "kaoh", "ssc_id": "kaoh", "gloss_id": 0, "country": "Taiwan, Province of China", "country_code": "158", "country_code_alpha": "TW", "fd_span": {"oldest": "1980-01-01", "latest": "2016-12-31"}, "rq_span": {"oldest": "1980-01-01", "latest": "2016-12-31"}, "rq_basin": "pacific", "rq_versions": {"a": {"begin": "1980-01-01", "end": "2016-12-31", "coordinates": [120.2883, 22.615]}}}}, {"type": "Feature", "geometry": {"type": "Point", "coordinates": [121.7517, 25.155]}, "properties": {"name": "Keelung", "timezone_name": "Asia/Taipei", "uhslc_id": 341, "uhslc_code": "keel", "ssc_id": "keel", "gloss_id": 0, "country": "Taiwan, Province of China", "country_code": "158", "country_code_alpha": "TW", "fd_span": {"oldest": "1980-01-01", "latest": "2016-12-31"}, "rq_span": {"oldest": "1980-01-01", "latest": "2016-12-31"}, "rq_basin": "pacific", "rq_versions": {"a": {"begin": "1980-01-01", "end": "2016-12-31", "coordinates": [121.7517, 25.155]}}}}, {"type": "Feature", "geometry": {"type": "Point", "coordinates": [129.8417, 29.8417]}, "properties": {"name": "Nakano Shima", "timezone_name": "Asia/Tokyo", "uhslc_id": 345, "uhslc_code": "naka", "ssc_id": "naka", "gloss_id": 0, "country": "Japan", "country_code": "392", "country_code_alpha": "JP", "fd_span": {"oldest": "1984-01-30", "latest": "2026-06-30"}, "rq_span": {"oldest": "1984-01-29", "latest": "2018-12-31"}, "rq_basin": "pacific", "rq_versions": {"a": {"begin": "1984-01-29", "end": "2018-12-31", "coordinates": [129.8417, 29.8417]}}}}, {"type": "Feature", "geometry": {"type": "Point", "coordinates": [144.2833, 44.0167]}, "properties": {"name": "Abashiri", "timezone_name": "Asia/Tokyo", "uhslc_id": 347, "uhslc_code": "abas", "ssc_id": "abas", "gloss_id": 327, "country": "Japan", "country_code": "392", "country_code_alpha": "JP", "fd_span": {"oldest": "1955-12-07", "latest": "2026-06-30"}, "rq_span": {"oldest": "1955-12-06", "latest": "2023-12-31"}, "rq_basin": "pacific", "rq_versions": {"a": {"begin": "1955-12-06", "end": "2023-12-31", "coordinates": [144.2833, 44.0167]}}}}, {"type": "Feature", "geometry": {"type": "Point", "coordinates": [132.0667, 34.9]}, "properties": {"name": "Hamada", "timezone_name": "Asia/Tokyo", "uhslc_id": 348, "uhslc_code": "hmda", "ssc_id": "hmda", "gloss_id": 326, "country": "Japan", "country_code": "392", "country_code_alpha": "JP", "fd_span": {"oldest": "1984-04-01", "latest": "2026-06-30"}, "rq_span": {"oldest": "1984-03-31", "latest": "2023-12-31"}, "rq_basin": "pacific", "rq_versions": {"a": {"begin": "1984-03-31", "end": "2023-12-31", "coordinates": [132.0667, 34.9]}}}}, {"type": "Feature", "geometry": {"type": "Point", "coordinates": [137.2333, 36.7667]}, "properties": {"name": "Toyama", "timezone_name": "Asia/Tokyo", "uhslc_id": 349, "uhslc_code": "toya", "ssc_id": "toya", "gloss_id": 325, "country": "Japan", "country_code": "392", "country_code_alpha": "JP", "fd_span": {"oldest": "1967-05-01", "latest": "2026-06-30"}, "rq_span": {"oldest": "1967-04-30", "latest": "2023-12-31"}, "rq_basin": "pacific", "rq_versions": {"a": {"begin": "1967-04-30", "end": "2023-12-31", "coordinates": [137.2333, 36.7667]}}}}, {"type": "Feature", "geometry": {"type": "Point", "coordinates": [144.3667, 42.9667]}, "properties": {"name": "Kushiro", "timezone_name": "Asia/Tokyo", "uhslc_id": 350, "uhslc_code": "kush", "ssc_id": "kush", "gloss_id": 89, "country": "Japan", "country_code": "392", "country_code_alpha": "JP", "fd_span": {"oldest": "1946-11-10", "latest": "2026-06-30"}, "rq_span": {"oldest": "1946-11-09", "latest": "2023-12-31"}, "rq_basin": "pacific", "rq_versions": {"a": {"begin": "1946-11-09", "end": "2023-12-31", "coordinates": [144.3667, 42.9667]}}}}, {"type": "Feature", "geometry": {"type": "Point", "coordinates": [141.75, 39.0167]}, "properties": {"name": "Ofunato", "timezone_name": "Asia/Tokyo", "uhslc_id": 351, "uhslc_code": "ofun", "ssc_id": "ofun", "gloss_id": 87, "country": "Japan", "country_code": "392", "country_code_alpha": "JP", "fd_span": {"oldest": "1963-08-01", "latest": "2026-06-30"}, "rq_span": {"oldest": "1963-07-31", "latest": "2023-12-31"}, "rq_basin": "pacific", "rq_versions": {"a": {"begin": "1963-07-31", "end": "2023-12-31", "coordinates": [141.75, 39.0167]}}}}, {"type": "Feature", "geometry": {"type": "Point", "coordinates": [139.8167, 34.9167]}, "properties": {"name": "Mera", "timezone_name": "Asia/Tokyo", "uhslc_id": 352, "uhslc_code": "mera", "ssc_id": "mera", "gloss_id": 86, "country": "Japan", "country_code": "392", "country_code_alpha": "JP", "fd_span": {"oldest": "1930-02-14", "latest": "2026-06-30"}, "rq_span": {"oldest": "1930-02-13", "latest": "2023-12-31"}, "rq_basin": "pacific", "rq_versions": {"a": {"begin": "1930-02-13", "end": "2023-12-31", "coordinates": [139.8167, 34.9167]}}}}, {"type": "Feature", "geometry": {"type": "Point", "coordinates": [135.7667, 33.4833]}, "properties": {"name": "Kushimoto", "timezone_name": "Asia/Tokyo", "uhslc_id": 353, "uhslc_code": "kusm", "ssc_id": "kusm", "gloss_id": 85, "country": "Japan", "country_code": "392", "country_code_alpha": "JP", "fd_span": {"oldest": "1924-12-16", "latest": "2026-06-30"}, "rq_span": {"oldest": "1924-12-15", "latest": "2023-12-31"}, "rq_basin": "pacific", "rq_versions": {"a": {"begin": "1924-12-15", "end": "2023-12-31", "coordinates": [135.7667, 33.4833]}}}}, {"type": "Feature", "geometry": {"type": "Point", "coordinates": [131.4167, 31.5833]}, "properties": {"name": "Aburatsu", "timezone_name": "Asia/Tokyo", "uhslc_id": 354, "uhslc_code": "abur", "ssc_id": "abur", "gloss_id": 82, "country": "Japan", "country_code": "392", "country_code_alpha": "JP", "fd_span": {"oldest": "1930-02-14", "latest": "2026-06-30"}, "rq_span": {"oldest": "1930-02-13", "latest": "2023-12-31"}, "rq_basin": "pacific", "rq_versions": {"a": {"begin": "1930-02-13", "end": "2023-12-31", "coordinates": [131.4167, 31.5833]}}}}, {"type": "Feature", "geometry": {"type": "Point", "coordinates": [127.6667, 26.2167]}, "properties": {"name": "Naha", "timezone_name": "Asia/Tokyo", "uhslc_id": 355, "uhslc_code": "naha", "ssc_id": "naha", "gloss_id": 81, "country": "Japan", "country_code": "392", "country_code_alpha": "JP", "fd_span": {"oldest": "1967-01-01", "latest": "2026-06-30"}, "rq_span": {"oldest": "1966-12-31", "latest": "2023-12-31"}, "rq_basin": "pacific", "rq_versions": {"a": {"begin": "1966-12-31", "end": "2023-12-31", "coordinates": [127.6667, 26.2167]}}}}, {"type": "Feature", "geometry": {"type": "Point", "coordinates": [137.6167, 34.6833]}, "properties": {"name": "Maisaka", "timezone_name": "Asia/Tokyo", "uhslc_id": 356, "uhslc_code": "maisa", "ssc_id": "maisa", "gloss_id": 0, "country": "Japan", "country_code": "392", "country_code_alpha": "JP", "fd_span": {"oldest": "1958-01-27", "latest": "2026-06-30"}, "rq_span": {"oldest": "1958-01-26", "latest": "2023-12-31"}, "rq_basin": "pacific", "rq_versions": {"a": {"begin": "1958-01-26", "end": "2023-12-31", "coordinates": [137.6167, 34.6833]}}}}, {"type": "Feature", "geometry": {"type": "Point", "coordinates": [129.4983, 28.4]}, "properties": {"name": "Naze", "timezone_name": "Asia/Tokyo", "uhslc_id": 359, "uhslc_code": "naze", "ssc_id": "naze", "gloss_id": 0, "country": "Japan", "country_code": "392", "country_code_alpha": "JP", "fd_span": {"oldest": "1957-04-09", "latest": "2026-06-30"}, "rq_span": {"oldest": "1957-04-08", "latest": "2018-12-31"}, "rq_basin": "pacific", "rq_versions": {"a": {"begin": "1957-04-08", "end": "2018-12-31", "coordinates": [129.4983, 28.4]}}}}, {"type": "Feature", "geometry": {"type": "Point", "coordinates": [141.6833, 45.4]}, "properties": {"name": "Wakkanai", "timezone_name": "Asia/Tokyo", "uhslc_id": 360, "uhslc_code": "waka", "ssc_id": "waka", "gloss_id": 324, "country": "Japan", "country_code": "392", "country_code_alpha": "JP", "fd_span": {"oldest": "1955-01-01", "latest": "2026-06-30"}, "rq_span": {"oldest": "1954-12-31", "latest": "2023-12-31"}, "rq_basin": "pacific", "rq_versions": {"a": {"begin": "1954-12-31", "end": "2023-12-31", "coordinates": [141.6833, 45.4]}}}}, {"type": "Feature", "geometry": {"type": "Point", "coordinates": [129.8667, 32.7333]}, "properties": {"name": "Nagasaki", "timezone_name": "Asia/Tokyo", "uhslc_id": 362, "uhslc_code": "nagas", "ssc_id": "nagas", "gloss_id": 83, "country": "Japan", "country_code": "392", "country_code_alpha": "JP", "fd_span": {"oldest": "1961-01-01", "latest": "2026-06-30"}, "rq_span": {"oldest": "1960-12-31", "latest": "2023-12-31"}, "rq_basin": "pacific", "rq_versions": {"a": {"begin": "1960-12-31", "end": "2023-12-31", "coordinates": [129.8667, 32.7333]}}}}, {"type": "Feature", "geometry": {"type": "Point", "coordinates": [130.9917, 30.735]}, "properties": {"name": "Nishinoomote", "timezone_name": "Asia/Tokyo", "uhslc_id": 363, "uhslc_code": "nisi", "ssc_id": "nisi", "gloss_id": 0, "country": "Japan", "country_code": "392", "country_code_alpha": "JP", "fd_span": {"oldest": "1965-04-21", "latest": "2026-06-01"}, "rq_span": {"oldest": "1965-04-21", "latest": "2018-12-31"}, "rq_basin": "pacific", "rq_versions": {"a": {"begin": "1965-04-21", "end": "2018-12-31", "coordinates": [130.9917, 30.735]}}}}, {"type": "Feature", "geometry": {"type": "Point", "coordinates": [140.7167, 41.7833]}, "properties": {"name": "Hakodate", "timezone_name": "Asia/Tokyo", "uhslc_id": 364, "uhslc_code": "hako", "ssc_id": "hako", "gloss_id": 88, "country": "Japan", "country_code": "392", "country_code_alpha": "JP", "fd_span": {"oldest": "1955-04-11", "latest": "2026-06-30"}, "rq_span": {"oldest": "1955-04-04", "latest": "2023-12-31"}, "rq_basin": "pacific", "rq_versions": {"a": {"begin": "1955-04-04", "end": "2023-12-31", "coordinates": [140.7167, 41.7833]}}}}, {"type": "Feature", "geometry": {"type": "Point", "coordinates": [124.15, 24.3333]}, "properties": {"name": "Ishigaki", "timezone_name": "Asia/Tokyo", "uhslc_id": 365, "uhslc_code": "ishi", "ssc_id": "ishig", "gloss_id": 0, "country": "Japan", "country_code": "392", "country_code_alpha": "JP", "fd_span": {"oldest": "1969-01-01", "latest": "2026-06-30"}, "rq_span": {"oldest": "1968-12-31", "latest": "2023-12-31"}, "rq_basin": "pacific", "rq_versions": {"a": {"begin": "1968-12-31", "end": "2023-12-31", "coordinates": [124.15, 24.3333]}}}}, {"type": "Feature", "geometry": {"type": "Point", "coordinates": [120.97152, 14.58214]}, "properties": {"name": "Manila", "timezone_name": "Asia/Manila", "uhslc_id": 370, "uhslc_code": "mani", "ssc_id": "mani", "gloss_id": 73, "country": "Philippines", "country_code": "608", "country_code_alpha": "PH", "fd_span": {"oldest": "1984-01-01", "latest": "2026-06-30"}, "rq_span": {"oldest": "1984-01-01", "latest": "2024-12-31"}, "rq_basin": "pacific", "rq_versions": {"a": {"begin": "1984-01-01", "end": "2024-12-31", "coordinates": [120.97152, 14.58214]}}}}, {"type": "Feature", "geometry": {"type": "Point", "coordinates": [123.75658, 13.14475]}, "properties": {"name": "Legaspi", "timezone_name": "Asia/Manila", "uhslc_id": 371, "uhslc_code": "lega", "ssc_id": "lega", "gloss_id": 72, "country": "Philippines", "country_code": "608", "country_code_alpha": "PH", "fd_span": {"oldest": "1984-01-01", "latest": "2026-06-30"}, "rq_span": {"oldest": "1984-01-01", "latest": "2017-09-04"}, "rq_basin": "pacific", "rq_versions": {"a": {"begin": "1984-01-01", "end": "2017-09-04", "coordinates": [123.75658, 13.14475]}}}}, {"type": "Feature", "geometry": {"type": "Point", "coordinates": [125.66286, 7.1537]}, "properties": {"name": "Davao", "timezone_name": "Asia/Manila", "uhslc_id": 372, "uhslc_code": "dava", "ssc_id": "davo", "gloss_id": 71, "country": "Philippines", "country_code": "608", "country_code_alpha": "PH", "fd_span": {"oldest": "1998-01-01", "latest": "2026-06-30"}, "rq_span": {"oldest": "1984-01-01", "latest": "2024-12-31"}, "rq_basin": "pacific", "rq_versions": {"a": {"begin": "1984-01-01", "end": "1997-07-31", "coordinates": [125.6633, 7.1217]}, "b": {"begin": "1998-01-01", "end": "2024-12-31", "coordinates": [125.66286, 7.1537]}}}}, {"type": "Feature", "geometry": {"type": "Point", "coordinates": [109.2542, 13.775]}, "properties": {"name": "Qui Nhon", "timezone_name": "Asia/Saigon", "uhslc_id": 381, "uhslc_code": "quin", "ssc_id": "quin", "gloss_id": 75, "country": "Viet Nam", "country_code": "704", "country_code_alpha": "VN", "fd_span": {"oldest": "2007-10-20", "latest": "2026-06-30"}, "rq_span": {"oldest": "1994-01-01", "latest": "2024-12-31"}, "rq_basin": "pacific", "rq_versions": {"a": {"begin": "1994-01-01", "end": "2005-12-31", "coordinates": [109.25, 13.7667]}, "b": {"begin": "2007-10-19", "end": "2024-12-31", "coordinates": [109.2542, 13.775]}}}}, {"type": "Feature", "geometry": {"type": "Point", "coordinates": [120.2517, 14.765]}, "properties": {"name": "Subic Bay", "timezone_name": "Asia/Manila", "uhslc_id": 382, "uhslc_code": "subi", "ssc_id": "subi", "gloss_id": 0, "country": "Philippines", "country_code": "608", "country_code_alpha": "PH", "fd_span": {"oldest": "2007-02-28", "latest": "2026-06-30"}, "rq_span": {"oldest": "2007-02-27", "latest": "2018-12-31"}, "rq_basin": "pacific", "rq_versions": {"a": {"begin": "2007-02-27", "end": "2018-12-31", "coordinates": [120.2517, 14.765]}}}}, {"type": "Feature", "geometry": {"type": "Point", "coordinates": [107.07107, 10.34021]}, "properties": {"name": "Vung Tau", "timezone_name": "Asia/Saigon", "uhslc_id": 383, "uhslc_code": "vung", "ssc_id": "vung", "gloss_id": 0, "country": "Viet Nam", "country_code": "704", "country_code_alpha": "VN", "fd_span": {"oldest": "2007-10-16", "latest": "2026-06-30"}, "rq_span": {"oldest": "1986-01-01", "latest": "2024-12-31"}, "rq_basin": "pacific", "rq_versions": {"a": {"begin": "1986-01-01", "end": "2002-12-31", "coordinates": [107.0717, 10.34]}, "b": {"begin": "2007-10-15", "end": "2024-12-31", "coordinates": [107.07107, 10.34021]}}}}, {"type": "Feature", "geometry": {"type": "Point", "coordinates": [272.95199, 5.55674]}, "properties": {"name": "Cocos Island", "timezone_name": "America/Costa_Rica", "uhslc_id": 392, "uhslc_code": "cocc", "ssc_id": "cocos", "gloss_id": 0, "country": "Costa Rica", "country_code": "188", "country_code_alpha": "CR", "fd_span": {"oldest": "2018-03-27", "latest": "2026-06-30"}, "rq_span": {"oldest": "2018-03-25", "latest": "2024-12-31"}, "rq_basin": "pacific", "rq_versions": {"a": {"begin": "2018-03-25", "end": "2024-12-31", "coordinates": [272.95199, 5.55674]}}}}, {"type": "Feature", "geometry": {"type": "Point", "coordinates": [255.70170000000002, 19.0633]}, "properties": {"name": "Manzanillo", "timezone_name": "America/Mexico_City", "uhslc_id": 395, "uhslc_code": "manz", "ssc_id": "manz", "gloss_id": 163, "country": "Mexico", "country_code": "484", "country_code_alpha": "MX", "fd_span": {"oldest": "1992-12-01", "latest": "2013-08-29"}, "rq_span": {"oldest": "1953-05-01", "latest": "2013-08-29"}, "rq_basin": "pacific", "rq_versions": {"a": {"begin": "1953-05-01", "end": "1982-12-31", "coordinates": [255.67000000000002, 19.0533]}, "b": {"begin": "1992-12-01", "end": "2013-08-29", "coordinates": [255.70170000000002, 19.0633]}}}}, {"type": "Feature", "geometry": {"type": "Point", "coordinates": [159.0667, -31.5167]}, "properties": {"name": "Lord Howe", "timezone_name": "Australia/Lord_Howe", "uhslc_id": 399, "uhslc_code": "lord", "ssc_id": "lord", "gloss_id": 148, "country": "Australia", "country_code": "036", "country_code_alpha": "AU", "fd_span": {"oldest": "1991-04-23", "latest": "2021-12-31"}, "rq_span": {"oldest": "1958-07-04", "latest": "2021-12-31"}, "rq_basin": "pacific", "rq_versions": {"a": {"begin": "1958-07-04", "end": "1994-03-30", "coordinates": [159.0667, -31.5167]}, "b": {"begin": "1991-04-23", "end": "2021-12-31", "coordinates": [159.0667, -31.5167]}}}}, {"type": "Feature", "geometry": {"type": "Point", "coordinates": [147.375, -2.0367]}, "properties": {"name": "Lombrum", "timezone_name": "Pacific/Port_Moresby", "uhslc_id": 400, "uhslc_code": "lomb", "ssc_id": "lomb", "gloss_id": 331, "country": "Papua New Guinea", "country_code": "598", "country_code_alpha": "PG", "fd_span": {"oldest": "1994-09-29", "latest": "2026-06-30"}, "rq_span": {"oldest": "1994-09-29", "latest": "2021-12-31"}, "rq_basin": "pacific", "rq_versions": {"a": {"begin": "1994-09-29", "end": "2021-12-31", "coordinates": [147.375, -2.0367]}}}}, {"type": "Feature", "geometry": {"type": "Point", "coordinates": [188.2433, -13.82]}, "properties": {"name": "Apia", "timezone_name": "Pacific/Apia", "uhslc_id": 401, "uhslc_code": "upol", "ssc_id": "upol", "gloss_id": 0, "country": "Samoa", "country_code": "882", "country_code_alpha": "WS", "fd_span": {"oldest": "1993-02-27", "latest": "2026-06-30"}, "rq_span": {"oldest": "1954-01-01", "latest": "2021-12-31"}, "rq_basin": "pacific", "rq_versions": {"a": {"begin": "1954-01-01", "end": "1971-12-31", "coordinates": [188.25, -13.8167]}, "b": {"begin": "1993-02-27", "end": "2021-12-31", "coordinates": [188.2433, -13.82]}}}}, {"type": "Feature", "geometry": {"type": "Point", "coordinates": [177.4383, -17.605]}, "properties": {"name": "Lautoka", "timezone_name": "Pacific/Fiji", "uhslc_id": 402, "uhslc_code": "levu", "ssc_id": "levu", "gloss_id": 0, "country": "Fiji", "country_code": "242", "country_code_alpha": "FJ", "fd_span": {"oldest": "1992-10-24", "latest": "2026-06-30"}, "rq_span": {"oldest": "1992-10-24", "latest": "2021-12-22"}, "rq_basin": "pacific", "rq_versions": {"a": {"begin": "1992-10-24", "end": "2021-12-22", "coordinates": [177.4383, -17.605]}}}}, {"type": "Feature", "geometry": {"type": "Point", "coordinates": [168.6167, -43.9833]}, "properties": {"name": "Jackson", "timezone_name": "Pacific/Auckland", "uhslc_id": 403, "uhslc_code": "jack", "ssc_id": "jack", "gloss_id": 0, "country": "New Zealand", "country_code": "554", "country_code_alpha": "NZ", "fd_span": {"oldest": "2013-12-11", "latest": "2025-11-28"}, "rq_span": {"oldest": "1999-01-01", "latest": "2021-12-31"}, "rq_basin": "pacific", "rq_versions": {"a": {"begin": "1999-01-01", "end": "2012-01-01", "coordinates": [168.6167, -43.9833]}, "b": {"begin": "2013-12-11", "end": "2021-12-31", "coordinates": [168.6167, -43.9833]}}}}, {"type": "Feature", "geometry": {"type": "Point", "coordinates": [189.42694, -14.27158]}, "properties": {"name": "Auasi", "timezone_name": "Pacific/Pago_Pago", "uhslc_id": 404, "uhslc_code": "auas", "ssc_id": "auasi", "gloss_id": 0, "country": "American Samoa", "country_code": "016", "country_code_alpha": "AS", "fd_span": {"oldest": "2023-04-29", "latest": "2026-06-30"}, "rq_span": {"oldest": "2023-04-28", "latest": "2024-12-31"}, "rq_basin": "pacific", "rq_versions": {"a": {"begin": "2023-04-28", "end": "2024-12-31", "coordinates": [189.42694, -14.27158]}}}}, {"type": "Feature", "geometry": {"type": "Point", "coordinates": [285.89, 18.643]}, "properties": {"name": "Jeremie", "timezone_name": "America/Port-au-Prince", "uhslc_id": 405, "uhslc_code": "jrmi", "ssc_id": "jrmi", "gloss_id": 0, "country": "Haiti", "country_code": "332", "country_code_alpha": "HT", "fd_span": {"oldest": "2022-02-26", "latest": "2022-11-30"}, "rq_span": {"oldest": null, "latest": null}, "rq_basin": "atlantic", "rq_versions": null}}, {"type": "Feature", "geometry": {"type": "Point", "coordinates": [286.382, 18.228]}, "properties": {"name": "St. Louis du Sud", "timezone_name": "America/Port-au-Prince", "uhslc_id": 406, "uhslc_code": "slds", "ssc_id": "slds", "gloss_id": 0, "country": "Haiti", "country_code": "332", "country_code_alpha": "HT", "fd_span": {"oldest": "2022-03-02", "latest": "2026-06-30"}, "rq_span": {"oldest": null, "latest": null}, "rq_basin": "atlantic", "rq_versions": null}}, {"type": "Feature", "geometry": {"type": "Point", "coordinates": [189.43906, -14.28351]}, "properties": {"name": "Aunuu", "timezone_name": "Pacific/Pago_Pago", "uhslc_id": 407, "uhslc_code": "aunu", "ssc_id": "aunu", "gloss_id": 0, "country": "American Samoa", "country_code": "016", "country_code_alpha": "AS", "fd_span": {"oldest": "2023-04-28", "latest": "2026-06-30"}, "rq_span": {"oldest": "2023-04-27", "latest": "2024-12-31"}, "rq_basin": "pacific", "rq_versions": {"a": {"begin": "2023-04-27", "end": "2024-12-31", "coordinates": [189.43906, -14.28351]}}}}, {"type": "Feature", "geometry": {"type": "Point", "coordinates": [190.48966, -14.23985]}, "properties": {"name": "Tau", "timezone_name": "Pacific/Pago_Pago", "uhslc_id": 408, "uhslc_code": "taua", "ssc_id": "tau1", "gloss_id": 0, "country": "American Samoa", "country_code": "016", "country_code_alpha": "AS", "fd_span": {"oldest": "2023-05-17", "latest": "2026-06-27"}, "rq_span": {"oldest": "2023-05-16", "latest": "2024-12-31"}, "rq_basin": "pacific", "rq_versions": {"a": {"begin": "2023-05-16", "end": "2024-12-31", "coordinates": [190.48966, -14.23985]}}}}, {"type": "Feature", "geometry": {"type": "Point", "coordinates": [190.31897, -14.16334]}, "properties": {"name": "Ofu", "timezone_name": "Pacific/Pago_Pago", "uhslc_id": 409, "uhslc_code": "ofua", "ssc_id": "ofu1", "gloss_id": 0, "country": "American Samoa", "country_code": "016", "country_code_alpha": "AS", "fd_span": {"oldest": "2023-05-17", "latest": "2026-06-30"}, "rq_span": {"oldest": "2023-05-16", "latest": "2024-12-31"}, "rq_basin": "pacific", "rq_versions": {"a": {"begin": "2023-05-16", "end": "2024-12-31", "coordinates": [190.31897, -14.16334]}}}}, {"type": "Feature", "geometry": {"type": "Point", "coordinates": [105.667, -6.483]}, "properties": {"name": "Tanjung Lesung", "timezone_name": "Asia/Jakarta", "uhslc_id": 416, "uhslc_code": "tjls", "ssc_id": "tjls", "gloss_id": 0, "country": "Indonesia", "country_code": "360", "country_code_alpha": "ID", "fd_span": {"oldest": "2008-01-30", "latest": "2012-12-31"}, "rq_span": {"oldest": null, "latest": null}, "rq_basin": "indian", "rq_versions": null}}, {"type": "Feature", "geometry": {"type": "Point", "coordinates": [110.79798, -8.190194]}, "properties": {"name": "Sadeng", "timezone_name": "Etc/GMT-7", "uhslc_id": 417, "uhslc_code": "sadp", "ssc_id": "sadp", "gloss_id": 0, "country": "Indonesia", "country_code": "360", "country_code_alpha": "ID", "fd_span": {"oldest": "2008-07-18", "latest": "2016-04-13"}, "rq_span": {"oldest": null, "latest": null}, "rq_basin": "indian", "rq_versions": null}}, {"type": "Feature", "geometry": {"type": "Point", "coordinates": [119.233, -9.4]}, "properties": {"name": "Waikelo", "timezone_name": "Asia/Makassar", "uhslc_id": 418, "uhslc_code": "waik", "ssc_id": "waik", "gloss_id": 346, "country": "Indonesia", "country_code": "360", "country_code_alpha": "ID", "fd_span": {"oldest": "2008-04-11", "latest": "2019-11-10"}, "rq_span": {"oldest": null, "latest": null}, "rq_basin": "pacific", "rq_versions": null}}, {"type": "Feature", "geometry": {"type": "Point", "coordinates": [116.07226, -8.73089]}, "properties": {"name": "Lembar", "timezone_name": "Asia/Makassar", "uhslc_id": 419, "uhslc_code": "lemb", "ssc_id": "lemba", "gloss_id": 0, "country": "Indonesia", "country_code": "360", "country_code_alpha": "ID", "fd_span": {"oldest": "2008-09-23", "latest": "2026-06-30"}, "rq_span": {"oldest": "2008-09-22", "latest": "2018-12-24"}, "rq_basin": "pacific", "rq_versions": {"a": {"begin": "2008-09-22", "end": "2018-12-24", "coordinates": [116.07226, -8.73089]}}}}, {"type": "Feature", "geometry": {"type": "Point", "coordinates": [131.290596, -7.981491]}, "properties": {"name": "Saumlaki", "timezone_name": "Asia/Jayapura", "uhslc_id": 420, "uhslc_code": "saum", "ssc_id": "saum", "gloss_id": 0, "country": "Indonesia", "country_code": "360", "country_code_alpha": "ID", "fd_span": {"oldest": "2008-10-02", "latest": "2026-06-30"}, "rq_span": {"oldest": "2008-10-01", "latest": "2021-10-01"}, "rq_basin": "pacific", "rq_versions": {"a": {"begin": "2008-10-01", "end": "2021-10-01", "coordinates": [131.290596, -7.981491]}}}}, {"type": "Feature", "geometry": {"type": "Point", "coordinates": [202.15982, 21.28432]}, "properties": {"name": "Ala Wai", "timezone_name": "Pacific/Honolulu", "uhslc_id": 421, "uhslc_code": "alaw", "ssc_id": "alawa", "gloss_id": 0, "country": "United States of America", "country_code": "840", "country_code_alpha": "US", "fd_span": {"oldest": "2023-04-01", "latest": "2026-06-30"}, "rq_span": {"oldest": "2023-04-01", "latest": "2024-12-31"}, "rq_basin": "pacific", "rq_versions": {"a": {"begin": "2023-04-01", "end": "2024-12-31", "coordinates": [202.15982, 21.28432]}}}}, {"type": "Feature", "geometry": {"type": "Point", "coordinates": [201.89447, 21.59309]}, "properties": {"name": "Haleiwa", "timezone_name": "Pacific/Honolulu", "uhslc_id": 422, "uhslc_code": "hale", "ssc_id": "halei", "gloss_id": 0, "country": "United States of America", "country_code": "840", "country_code_alpha": "US", "fd_span": {"oldest": "2023-03-24", "latest": "2026-06-30"}, "rq_span": {"oldest": "2023-03-23", "latest": "2024-12-31"}, "rq_basin": "pacific", "rq_versions": {"a": {"begin": "2023-03-23", "end": "2024-12-31", "coordinates": [201.89447, 21.59309]}}}}, {"type": "Feature", "geometry": {"type": "Point", "coordinates": [202.1898, 21.44395]}, "properties": {"name": "Heeia", "timezone_name": "Pacific/Honolulu", "uhslc_id": 423, "uhslc_code": "heei", "ssc_id": "heeia", "gloss_id": 0, "country": "United States of America", "country_code": "840", "country_code_alpha": "US", "fd_span": {"oldest": "2023-03-24", "latest": "2026-06-30"}, "rq_span": {"oldest": "2023-03-23", "latest": "2024-12-31"}, "rq_basin": "pacific", "rq_versions": {"a": {"begin": "2023-03-23", "end": "2024-12-31", "coordinates": [202.1898, 21.44395]}}}}, {"type": "Feature", "geometry": {"type": "Point", "coordinates": [202.10891, 21.316]}, "properties": {"name": "Keehi", "timezone_name": "Pacific/Honolulu", "uhslc_id": 424, "uhslc_code": "keeh", "ssc_id": "keehi", "gloss_id": 0, "country": "United States of America", "country_code": "840", "country_code_alpha": "US", "fd_span": {"oldest": "2023-04-01", "latest": "2026-06-30"}, "rq_span": {"oldest": "2023-04-01", "latest": "2024-12-08"}, "rq_basin": "pacific", "rq_versions": {"a": {"begin": "2023-04-01", "end": "2024-12-08", "coordinates": [202.10891, 21.316]}}}}, {"type": "Feature", "geometry": {"type": "Point", "coordinates": [201.80282, 21.4502]}, "properties": {"name": "Waianae", "timezone_name": "Pacific/Honolulu", "uhslc_id": 425, "uhslc_code": "waia", "ssc_id": "waian", "gloss_id": 0, "country": "United States of America", "country_code": "840", "country_code_alpha": "US", "fd_span": {"oldest": "2023-03-24", "latest": "2026-06-30"}, "rq_span": {"oldest": "2023-03-23", "latest": "2024-12-31"}, "rq_basin": "pacific", "rq_versions": {"a": {"begin": "2023-03-23", "end": "2024-12-31", "coordinates": [201.80282, 21.4502]}}}}, {"type": "Feature", "geometry": {"type": "Point", "coordinates": [203.32137, 20.87214]}, "properties": {"name": "Lahaina", "timezone_name": "Pacific/Honolulu", "uhslc_id": 426, "uhslc_code": "laha", "ssc_id": "laha", "gloss_id": 0, "country": "United States of America", "country_code": "840", "country_code_alpha": "US", "fd_span": {"oldest": "2025-10-29", "latest": "2026-06-30"}, "rq_span": {"oldest": null, "latest": null}, "rq_basin": "pacific", "rq_versions": null}}, {"type": "Feature", "geometry": {"type": "Point", "coordinates": [202.97189, 21.08093]}, "properties": {"name": "Kaunakakai", "timezone_name": "Pacific/Honolulu", "uhslc_id": 428, "uhslc_code": "kaun", "ssc_id": "kaun", "gloss_id": 0, "country": "United States of America", "country_code": "840", "country_code_alpha": "US", "fd_span": {"oldest": "2024-07-01", "latest": "2026-06-30"}, "rq_span": {"oldest": "2024-07-01", "latest": "2024-12-31"}, "rq_basin": "pacific", "rq_versions": {"a": {"begin": "2024-07-01", "end": "2024-12-31", "coordinates": [202.97189, 21.08093]}}}}, {"type": "Feature", "geometry": {"type": "Point", "coordinates": [203.11199, 20.74149]}, "properties": {"name": "Manele Bay", "timezone_name": "Pacific/Honolulu", "uhslc_id": 429, "uhslc_code": "mane", "ssc_id": "mane", "gloss_id": 0, "country": "United States of America", "country_code": "840", "country_code_alpha": "US", "fd_span": {"oldest": "2024-06-01", "latest": "2026-06-30"}, "rq_span": {"oldest": "2024-06-01", "latest": "2024-12-31"}, "rq_basin": "pacific", "rq_versions": {"a": {"begin": "2024-06-01", "end": "2024-12-31", "coordinates": [203.11199, 20.74149]}}}}, {"type": "Feature", "geometry": {"type": "Point", "coordinates": [203.97649, 19.66892]}, "properties": {"name": "Honokohau", "timezone_name": "Pacific/Honolulu", "uhslc_id": 430, "uhslc_code": "hoko", "ssc_id": "hoko", "gloss_id": 0, "country": "United States of America", "country_code": "840", "country_code_alpha": "US", "fd_span": {"oldest": "2024-09-01", "latest": "2026-06-30"}, "rq_span": {"oldest": "2024-09-01", "latest": "2024-12-31"}, "rq_basin": "pacific", "rq_versions": {"a": {"begin": "2024-09-01", "end": "2024-12-31", "coordinates": [203.97649, 19.66892]}}}}, {"type": "Feature", "geometry": {"type": "Point", "coordinates": [204.09275, 19.18505]}, "properties": {"name": "Milolii", "timezone_name": "Pacific/Honolulu", "uhslc_id": 431, "uhslc_code": "milo", "ssc_id": "milo", "gloss_id": 0, "country": "United States of America", "country_code": "840", "country_code_alpha": "US", "fd_span": {"oldest": "2024-09-10", "latest": "2026-01-31"}, "rq_span": {"oldest": "2024-09-06", "latest": "2024-11-30"}, "rq_basin": "pacific", "rq_versions": {"a": {"begin": "2024-09-06", "end": "2024-11-30", "coordinates": [204.09275, 19.18505]}}}}, {"type": "Feature", "geometry": {"type": "Point", "coordinates": [200.50169, 22.21252]}, "properties": {"name": "Hanalei", "timezone_name": "Pacific/Honolulu", "uhslc_id": 432, "uhslc_code": "hanl", "ssc_id": "hanl", "gloss_id": 0, "country": "United States of America", "country_code": "840", "country_code_alpha": "US", "fd_span": {"oldest": "2024-07-12", "latest": "2026-06-30"}, "rq_span": {"oldest": "2024-07-11", "latest": "2024-12-31"}, "rq_basin": "pacific", "rq_versions": {"a": {"begin": "2024-07-11", "end": "2024-12-31", "coordinates": [200.50169, 22.21252]}}}}, {"type": "Feature", "geometry": {"type": "Point", "coordinates": [202.037, 21.367]}, "properties": {"name": "Pearl Harbor", "timezone_name": "Pacific/Honolulu", "uhslc_id": 434, "uhslc_code": "phar", "ssc_id": "phar", "gloss_id": 0, "country": "United States of America", "country_code": "840", "country_code_alpha": "US", "fd_span": {"oldest": "2024-06-19", "latest": "2026-06-30"}, "rq_span": {"oldest": null, "latest": null}, "rq_basin": "pacific", "rq_versions": null}}, {"type": "Feature", "geometry": {"type": "Point", "coordinates": [134.485257, 7.495992]}, "properties": {"name": "Kamesang", "timezone_name": "Pacific/Palau", "uhslc_id": 436, "uhslc_code": "kame", "ssc_id": "kame", "gloss_id": 0, "country": "Palau", "country_code": "585", "country_code_alpha": "PW", "fd_span": {"oldest": "2025-08-27", "latest": "2026-06-30"}, "rq_span": {"oldest": null, "latest": null}, "rq_basin": "pacific", "rq_versions": null}}, {"type": "Feature", "geometry": {"type": "Point", "coordinates": [134.266473, 7.049027]}, "properties": {"name": "Peleliu", "timezone_name": "Pacific/Palau", "uhslc_id": 437, "uhslc_code": "pele", "ssc_id": "pele", "gloss_id": 0, "country": "Palau", "country_code": "585", "country_code_alpha": "PW", "fd_span": {"oldest": "2025-08-29", "latest": "2026-06-30"}, "rq_span": {"oldest": null, "latest": null}, "rq_basin": "pacific", "rq_versions": null}}, {"type": "Feature", "geometry": {"type": "Point", "coordinates": [134.624995, 7.537217]}, "properties": {"name": "Imekang", "timezone_name": "Pacific/Palau", "uhslc_id": 438, "uhslc_code": "imek", "ssc_id": "imek", "gloss_id": 0, "country": "Palau", "country_code": "585", "country_code_alpha": "PW", "fd_span": {"oldest": "2025-08-26", "latest": "2026-06-30"}, "rq_span": {"oldest": null, "latest": null}, "rq_basin": "pacific", "rq_versions": null}}, {"type": "Feature", "geometry": {"type": "Point", "coordinates": [181.843, -14.292]}, "properties": {"name": "Leava", "timezone_name": "Pacific/Wallis", "uhslc_id": 453, "uhslc_code": "leav", "ssc_id": "futu", "gloss_id": 353, "country": "Wallis and Futuna", "country_code": "876", "country_code_alpha": "WF", "fd_span": {"oldest": "2019-04-15", "latest": "2024-12-31"}, "rq_span": {"oldest": null, "latest": null}, "rq_basin": "pacific", "rq_versions": null}}, {"type": "Feature", "geometry": {"type": "Point", "coordinates": [216.338, -16.598]}, "properties": {"name": "Makemo", "timezone_name": "Pacific/Tahiti", "uhslc_id": 454, "uhslc_code": "make", "ssc_id": "make", "gloss_id": 354, "country": "French Polynesia", "country_code": "258", "country_code_alpha": "PF", "fd_span": {"oldest": "2019-01-01", "latest": "2026-06-30"}, "rq_span": {"oldest": null, "latest": null}, "rq_basin": "pacific", "rq_versions": null}}, {"type": "Feature", "geometry": {"type": "Point", "coordinates": [212.293, -14.945]}, "properties": {"name": "Rangiroa Atoll", "timezone_name": "Pacific/Tahiti", "uhslc_id": 455, "uhslc_code": "rang", "ssc_id": "rangi", "gloss_id": 355, "country": "French Polynesia", "country_code": "258", "country_code_alpha": "PF", "fd_span": {"oldest": "2019-01-01", "latest": "2026-06-30"}, "rq_span": {"oldest": null, "latest": null}, "rq_basin": "pacific", "rq_versions": null}}, {"type": "Feature", "geometry": {"type": "Point", "coordinates": [210.525, -23.342]}, "properties": {"name": "Tubuai", "timezone_name": "Pacific/Tahiti", "uhslc_id": 456, "uhslc_code": "tubu", "ssc_id": "tubua", "gloss_id": 356, "country": "French Polynesia", "country_code": "258", "country_code_alpha": "PF", "fd_span": {"oldest": "2019-03-03", "latest": "2026-06-30"}, "rq_span": {"oldest": null, "latest": null}, "rq_basin": "pacific", "rq_versions": null}}, {"type": "Feature", "geometry": {"type": "Point", "coordinates": [229.6767, 54.3167]}, "properties": {"name": "Prince Rupert", "timezone_name": "America/Vancouver", "uhslc_id": 540, "uhslc_code": "prin", "ssc_id": "prin", "gloss_id": 155, "country": "Canada", "country_code": "124", "country_code_alpha": "CA", "fd_span": {"oldest": "1909-01-02", "latest": "2026-06-30"}, "rq_span": {"oldest": "1909-01-01", "latest": "2018-12-31"}, "rq_basin": "pacific", "rq_versions": {"a": {"begin": "1909-01-01", "end": "2018-12-31", "coordinates": [229.6767, 54.3167]}}}}, {"type": "Feature", "geometry": {"type": "Point", "coordinates": [234.86700000000002, 48.833]}, "properties": {"name": "Bamfield", "timezone_name": "America/Vancouver", "uhslc_id": 541, "uhslc_code": "bamf", "ssc_id": "bamf", "gloss_id": 0, "country": "Canada", "country_code": "124", "country_code_alpha": "CA", "fd_span": {"oldest": "2001-12-01", "latest": "2026-06-30"}, "rq_span": {"oldest": null, "latest": null}, "rq_basin": "pacific", "rq_versions": null}}, {"type": "Feature", "geometry": {"type": "Point", "coordinates": [234.0867, 49.1533]}, "properties": {"name": "Tofino", "timezone_name": "America/Vancouver", "uhslc_id": 542, "uhslc_code": "tofi", "ssc_id": "tofi", "gloss_id": 156, "country": "Canada", "country_code": "124", "country_code_alpha": "CA", "fd_span": {"oldest": "1909-10-02", "latest": "2026-06-30"}, "rq_span": {"oldest": "1909-10-01", "latest": "2018-12-31"}, "rq_basin": "pacific", "rq_versions": {"a": {"begin": "1909-10-01", "end": "2018-12-31", "coordinates": [234.0867, 49.1533]}}}}, {"type": "Feature", "geometry": {"type": "Point", "coordinates": [239.39018, 34.55522]}, "properties": {"name": "Vandenberg", "timezone_name": "America/Los_Angeles", "uhslc_id": 545, "uhslc_code": "vsfb", "ssc_id": "vsfb", "gloss_id": 0, "country": "United States of America", "country_code": "840", "country_code_alpha": "US", "fd_span": {"oldest": "2023-08-31", "latest": "2026-06-30"}, "rq_span": {"oldest": "2023-08-30", "latest": "2024-12-31"}, "rq_basin": "pacific", "rq_versions": {"a": {"begin": "2023-08-30", "end": "2024-12-31", "coordinates": [239.39018, 34.55522]}}}}, {"type": "Feature", "geometry": {"type": "Point", "coordinates": [201.88059, 21.32188]}, "properties": {"name": "Barbers Point", "timezone_name": "Pacific/Honolulu", "uhslc_id": 547, "uhslc_code": "barp", "ssc_id": "brpt", "gloss_id": 0, "country": "United States of America", "country_code": "840", "country_code_alpha": "US", "fd_span": {"oldest": "2018-01-01", "latest": "2026-06-30"}, "rq_span": {"oldest": "2018-01-01", "latest": "2024-12-31"}, "rq_basin": "pacific", "rq_versions": {"a": {"begin": "2018-01-01", "end": "2024-12-31", "coordinates": [201.88059, 21.32188]}}}}, {"type": "Feature", "geometry": {"type": "Point", "coordinates": [203.1, 20.78]}, "properties": {"name": "Kaumalapau", "timezone_name": "Pacific/Honolulu", "uhslc_id": 548, "uhslc_code": "kaum", "ssc_id": "kaum", "gloss_id": 0, "country": "United States of America", "country_code": "840", "country_code_alpha": "US", "fd_span": {"oldest": "2007-07-14", "latest": "2015-03-23"}, "rq_span": {"oldest": "2007-07-14", "latest": "2015-03-23"}, "rq_basin": "pacific", "rq_versions": {"a": {"begin": "2007-07-14", "end": "2015-03-23", "coordinates": [203.1, 20.78]}}}}, {"type": "Feature", "geometry": {"type": "Point", "coordinates": [237.535, 37.8067]}, "properties": {"name": "San Francisco", "timezone_name": "America/Los_Angeles", "uhslc_id": 551, "uhslc_code": "fpnt", "ssc_id": "fpnt", "gloss_id": 158, "country": "United States of America", "country_code": "840", "country_code_alpha": "US", "fd_span": {"oldest": "1897-08-02", "latest": "2026-06-30"}, "rq_span": {"oldest": "1897-08-01", "latest": "2021-12-31"}, "rq_basin": "pacific", "rq_versions": {"a": {"begin": "1897-08-01", "end": "2021-12-31", "coordinates": [237.535, 37.8067]}}}}, {"type": "Feature", "geometry": {"type": "Point", "coordinates": [204.1667, 20.0333]}, "properties": {"name": "Kawaihae", "timezone_name": "Pacific/Honolulu", "uhslc_id": 552, "uhslc_code": "kawa", "ssc_id": "kawa", "gloss_id": 0, "country": "United States of America", "country_code": "840", "country_code_alpha": "US", "fd_span": {"oldest": "1989-03-01", "latest": "2026-06-30"}, "rq_span": {"oldest": "1989-03-01", "latest": "2022-12-31"}, "rq_basin": "pacific", "rq_versions": {"a": {"begin": "1989-03-01", "end": "2022-12-31", "coordinates": [204.1667, 20.0333]}}}}, {"type": "Feature", "geometry": {"type": "Point", "coordinates": [200.4103, 21.90203]}, "properties": {"name": "Port Allen", "timezone_name": "Pacific/Honolulu", "uhslc_id": 553, "uhslc_code": "pall", "ssc_id": "ptal", "gloss_id": 0, "country": "United States of America", "country_code": "840", "country_code_alpha": "US", "fd_span": {"oldest": "2024-07-11", "latest": "2026-06-30"}, "rq_span": {"oldest": "1989-03-01", "latest": "2024-12-31"}, "rq_basin": "pacific", "rq_versions": {"a": {"begin": "1989-03-01", "end": "1997-01-29", "coordinates": [200.4, 21.9]}, "b": {"begin": "2024-07-11", "end": "2024-12-31", "coordinates": [200.4103, 21.90203]}}}}, {"type": "Feature", "geometry": {"type": "Point", "coordinates": [242.7433, 32.8667]}, "properties": {"name": "La Jolla", "timezone_name": "America/Los_Angeles", "uhslc_id": 554, "uhslc_code": "lajo", "ssc_id": "lajo", "gloss_id": 159, "country": "United States of America", "country_code": "840", "country_code_alpha": "US", "fd_span": {"oldest": "1924-08-02", "latest": "2026-06-30"}, "rq_span": {"oldest": "1924-08-01", "latest": "2024-12-31"}, "rq_basin": "pacific", "rq_versions": {"a": {"begin": "1924-08-01", "end": "2024-12-31", "coordinates": [242.7433, 32.8667]}}}}, {"type": "Feature", "geometry": {"type": "Point", "coordinates": [235.8167, 41.745]}, "properties": {"name": "Crescent City", "timezone_name": "America/Los_Angeles", "uhslc_id": 556, "uhslc_code": "cres", "ssc_id": "cres", "gloss_id": 0, "country": "United States of America", "country_code": "840", "country_code_alpha": "US", "fd_span": {"oldest": "1933-04-12", "latest": "2026-06-30"}, "rq_span": {"oldest": "1933-04-11", "latest": "2021-12-31"}, "rq_basin": "pacific", "rq_versions": {"a": {"begin": "1933-04-11", "end": "2021-12-31", "coordinates": [235.8167, 41.745]}}}}, {"type": "Feature", "geometry": {"type": "Point", "coordinates": [235.38330000000002, 48.3683]}, "properties": {"name": "Neah Bay", "timezone_name": "America/Los_Angeles", "uhslc_id": 558, "uhslc_code": "neah", "ssc_id": "neah", "gloss_id": 0, "country": "United States of America", "country_code": "840", "country_code_alpha": "US", "fd_span": {"oldest": "1934-08-02", "latest": "2026-06-30"}, "rq_span": {"oldest": "1934-08-01", "latest": "2021-12-31"}, "rq_basin": "pacific", "rq_versions": {"a": {"begin": "1934-08-01", "end": "2021-12-31", "coordinates": [235.38330000000002, 48.3683]}}}}, {"type": "Feature", "geometry": {"type": "Point", "coordinates": [224.6583, 57.0517]}, "properties": {"name": "Sitka", "timezone_name": "America/Anchorage", "uhslc_id": 559, "uhslc_code": "sitk", "ssc_id": "sitk", "gloss_id": 154, "country": "United States of America", "country_code": "840", "country_code_alpha": "US", "fd_span": {"oldest": "1938-05-20", "latest": "2026-06-30"}, "rq_span": {"oldest": "1938-05-20", "latest": "2021-12-31"}, "rq_basin": "pacific", "rq_versions": {"a": {"begin": "1938-05-20", "end": "2021-12-31", "coordinates": [224.6583, 57.0517]}}}}, {"type": "Feature", "geometry": {"type": "Point", "coordinates": [210.5733, 60.12]}, "properties": {"name": "Seward", "timezone_name": "America/Anchorage", "uhslc_id": 560, "uhslc_code": "sewa", "ssc_id": "sewa", "gloss_id": 150, "country": "United States of America", "country_code": "840", "country_code_alpha": "US", "fd_span": {"oldest": "1967-01-02", "latest": "2026-06-30"}, "rq_span": {"oldest": "1925-05-21", "latest": "2021-12-31"}, "rq_basin": "pacific", "rq_versions": {"a": {"begin": "1925-05-21", "end": "1932-12-31", "coordinates": [210.5733, 60.12]}, "b": {"begin": "1944-09-19", "end": "1949-12-31", "coordinates": [210.5733, 60.12]}, "c": {"begin": "1967-01-01", "end": "2021-12-31", "coordinates": [210.5733, 60.12]}}}}, {"type": "Feature", "geometry": {"type": "Point", "coordinates": [242.82670000000002, 32.7133]}, "properties": {"name": "San Diego", "timezone_name": "America/Los_Angeles", "uhslc_id": 569, "uhslc_code": "sand", "ssc_id": "sand", "gloss_id": 0, "country": "United States of America", "country_code": "840", "country_code_alpha": "US", "fd_span": {"oldest": "1906-01-22", "latest": "2026-06-30"}, "rq_span": {"oldest": "1906-01-21", "latest": "2021-12-31"}, "rq_basin": "pacific", "rq_versions": {"a": {"begin": "1906-01-21", "end": "2021-12-31", "coordinates": [242.82670000000002, 32.7133]}}}}, {"type": "Feature", "geometry": {"type": "Point", "coordinates": [220.265, 59.5483]}, "properties": {"name": "Yakutat", "timezone_name": "America/Anchorage", "uhslc_id": 570, "uhslc_code": "yaku", "ssc_id": "yaku", "gloss_id": 0, "country": "United States of America", "country_code": "840", "country_code_alpha": "US", "fd_span": {"oldest": "1961-01-01", "latest": "2026-06-30"}, "rq_span": {"oldest": "1961-01-01", "latest": "2021-12-31"}, "rq_basin": "pacific", "rq_versions": {"a": {"begin": "1961-01-01", "end": "2021-12-31", "coordinates": [220.265, 59.5483]}}}}, {"type": "Feature", "geometry": {"type": "Point", "coordinates": [228.375, 55.3333]}, "properties": {"name": "Ketchikan", "timezone_name": "America/Anchorage", "uhslc_id": 571, "uhslc_code": "ketc", "ssc_id": "ketc", "gloss_id": 0, "country": "United States of America", "country_code": "840", "country_code_alpha": "US", "fd_span": {"oldest": "1918-10-12", "latest": "2026-06-07"}, "rq_span": {"oldest": "1918-10-12", "latest": "2021-12-31"}, "rq_basin": "pacific", "rq_versions": {"a": {"begin": "1918-10-12", "end": "2021-12-31", "coordinates": [228.375, 55.3333]}}}}, {"type": "Feature", "geometry": {"type": "Point", "coordinates": [199.4983, 55.3367]}, "properties": {"name": "Sand Point", "timezone_name": "America/Anchorage", "uhslc_id": 574, "uhslc_code": "sanp", "ssc_id": "sanp", "gloss_id": 100, "country": "United States of America", "country_code": "840", "country_code_alpha": "US", "fd_span": {"oldest": "1972-09-11", "latest": "2026-06-30"}, "rq_span": {"oldest": "1972-09-10", "latest": "2022-12-31"}, "rq_basin": "pacific", "rq_versions": {"a": {"begin": "1972-09-10", "end": "2022-12-31", "coordinates": [199.4983, 55.3367]}}}}, {"type": "Feature", "geometry": {"type": "Point", "coordinates": [211.4733, 70.4]}, "properties": {"name": "Prudhoe Bay", "timezone_name": "America/Anchorage", "uhslc_id": 579, "uhslc_code": "prud", "ssc_id": "prud", "gloss_id": 151, "country": "United States of America", "country_code": "840", "country_code_alpha": "US", "fd_span": {"oldest": "1989-05-01", "latest": "2026-06-29"}, "rq_span": {"oldest": "1989-05-01", "latest": "2022-12-31"}, "rq_basin": "pacific", "rq_versions": {"a": {"begin": "1989-05-01", "end": "2022-12-31", "coordinates": [211.4733, 70.4]}}}}, {"type": "Feature", "geometry": {"type": "Point", "coordinates": [235.9567, 44.625]}, "properties": {"name": "South Beach", "timezone_name": "America/Los_Angeles", "uhslc_id": 592, "uhslc_code": "soub", "ssc_id": "soub", "gloss_id": 157, "country": "United States of America", "country_code": "840", "country_code_alpha": "US", "fd_span": {"oldest": "1967-02-01", "latest": "2026-06-30"}, "rq_span": {"oldest": "1967-02-01", "latest": "2021-12-31"}, "rq_basin": "pacific", "rq_versions": {"a": {"begin": "1967-02-01", "end": "2021-12-31", "coordinates": [235.9567, 44.625]}}}}, {"type": "Feature", "geometry": {"type": "Point", "coordinates": [194.57, 64.5]}, "properties": {"name": "Nome", "timezone_name": "America/Anchorage", "uhslc_id": 595, "uhslc_code": "nome", "ssc_id": "nome", "gloss_id": 74, "country": "United States of America", "country_code": "840", "country_code_alpha": "US", "fd_span": {"oldest": "1992-10-01", "latest": "2026-06-30"}, "rq_span": {"oldest": "1992-10-01", "latest": "2021-12-31"}, "rq_basin": "pacific", "rq_versions": {"a": {"begin": "1992-10-01", "end": "2021-12-31", "coordinates": [194.57, 64.5]}}}}, {"type": "Feature", "geometry": {"type": "Point", "coordinates": [190.0833, -19.05]}, "properties": {"name": "Alofi", "timezone_name": "Pacific/Niue", "uhslc_id": 598, "uhslc_code": "alof", "ssc_id": "alof", "gloss_id": 0, "country": "Niue", "country_code": "570", "country_code_alpha": "NU", "fd_span": {"oldest": "2015-08-06", "latest": "2026-06-30"}, "rq_span": {"oldest": "2015-08-05", "latest": "2020-01-17"}, "rq_basin": "pacific", "rq_versions": {"a": {"begin": "2015-08-05", "end": "2020-01-17", "coordinates": [190.0833, -19.05]}}}}, {"type": "Feature", "geometry": {"type": "Point", "coordinates": [291.7109, -54.80508]}, "properties": {"name": "Ushuaia", "timezone_name": "America/Argentina/Ushuaia", "uhslc_id": 600, "uhslc_code": "ushu", "ssc_id": "ushu2", "gloss_id": 181, "country": "Argentina", "country_code": "032", "country_code_alpha": "AR", "fd_span": {"oldest": "1996-01-01", "latest": "2026-06-30"}, "rq_span": {"oldest": "1996-01-01", "latest": "2024-12-31"}, "rq_basin": "atlantic", "rq_versions": {"a": {"begin": "1996-01-01", "end": "2024-12-31", "coordinates": [291.7109, -54.80508]}}}}, {"type": "Feature", "geometry": {"type": "Point", "coordinates": [303.005, -63.395]}, "properties": {"name": "Esperanza", "timezone_name": "America/Argentina/Ushuaia", "uhslc_id": 601, "uhslc_code": "espr", "ssc_id": "espr", "gloss_id": 185, "country": "Antarctica", "country_code": "010", "country_code_alpha": "AQ", "fd_span": {"oldest": "1996-01-17", "latest": "2005-09-11"}, "rq_span": {"oldest": "1996-01-17", "latest": "1998-08-31"}, "rq_basin": "atlantic", "rq_versions": {"a": {"begin": "1996-01-17", "end": "1998-08-31", "coordinates": [303.005, -63.395]}}}}, {"type": "Feature", "geometry": {"type": "Point", "coordinates": [120.4883, 17.9883]}, "properties": {"name": "Currimao", "timezone_name": "Asia/Manila", "uhslc_id": 654, "uhslc_code": "curr", "ssc_id": "curri", "gloss_id": 0, "country": "Philippines", "country_code": "608", "country_code_alpha": "PH", "fd_span": {"oldest": "2009-10-10", "latest": "2026-06-30"}, "rq_span": {"oldest": "2009-10-09", "latest": "2018-12-31"}, "rq_basin": "pacific", "rq_versions": {"a": {"begin": "2009-10-09", "end": "2018-12-31", "coordinates": [120.4883, 17.9883]}}}}, {"type": "Feature", "geometry": {"type": "Point", "coordinates": [120.2017, 13.8183]}, "properties": {"name": "Lubang", "timezone_name": "Asia/Manila", "uhslc_id": 655, "uhslc_code": "lubn", "ssc_id": "luba", "gloss_id": 0, "country": "Philippines", "country_code": "608", "country_code_alpha": "PH", "fd_span": {"oldest": "2010-06-12", "latest": "2026-06-30"}, "rq_span": {"oldest": "2010-06-11", "latest": "2018-12-31"}, "rq_basin": "pacific", "rq_versions": {"a": {"begin": "2010-06-11", "end": "2018-12-31", "coordinates": [120.2017, 13.8183]}}}}, {"type": "Feature", "geometry": {"type": "Point", "coordinates": [158.9667, -54.4833]}, "properties": {"name": "Macquarie Island", "timezone_name": "Antarctica/Macquarie", "uhslc_id": 680, "uhslc_code": "macq", "ssc_id": "macq", "gloss_id": 130, "country": "Australia", "country_code": "036", "country_code_alpha": "AU", "fd_span": {"oldest": "1993-12-28", "latest": "2008-07-09"}, "rq_span": {"oldest": "1912-07-31", "latest": "2007-01-31"}, "rq_basin": "pacific", "rq_versions": {"a": {"begin": "1912-07-31", "end": "1913-06-07", "coordinates": [158.9667, -54.4833]}, "b": {"begin": "1964-03-25", "end": "1974-11-18", "coordinates": [158.9667, -54.4833]}, "c": {"begin": "1993-12-28", "end": "2007-01-31", "coordinates": [158.9667, -54.4833]}}}}, {"type": "Feature", "geometry": {"type": "Point", "coordinates": [287.0383, -41.485]}, "properties": {"name": "Puerto Montt", "timezone_name": "America/Santiago", "uhslc_id": 684, "uhslc_code": "pmon", "ssc_id": "pmon", "gloss_id": 178, "country": "Chile", "country_code": "152", "country_code_alpha": "CL", "fd_span": {"oldest": "1980-04-02", "latest": "2024-04-03"}, "rq_span": {"oldest": "1980-04-02", "latest": "2018-12-31"}, "rq_basin": "pacific", "rq_versions": {"a": {"begin": "1980-04-02", "end": "2018-12-31", "coordinates": [287.0383, -41.485]}}}}, {"type": "Feature", "geometry": {"type": "Point", "coordinates": [103.8533, 1.2617]}, "properties": {"name": "Tanjong Pagar", "timezone_name": "Asia/Singapore", "uhslc_id": 699, "uhslc_code": "tanjo", "ssc_id": "tanjo", "gloss_id": 44, "country": "Singapore", "country_code": "702", "country_code_alpha": "SG", "fd_span": {"oldest": "1984-01-01", "latest": "2023-12-31"}, "rq_span": {"oldest": "1984-01-01", "latest": "2023-12-31"}, "rq_basin": "pacific", "rq_versions": {"a": {"begin": "1984-01-01", "end": "2023-12-31", "coordinates": [103.8533, 1.2617]}}}}, {"type": "Feature", "geometry": {"type": "Point", "coordinates": [295.7333, -65.25]}, "properties": {"name": "Faraday", "timezone_name": "Etc/Greenwich", "uhslc_id": 700, "uhslc_code": "vern", "ssc_id": "vern", "gloss_id": 188, "country": "Antarctica", "country_code": "010", "country_code_alpha": "AQ", "fd_span": {"oldest": "1959-10-15", "latest": "2026-06-30"}, "rq_span": {"oldest": "1959-10-15", "latest": "2018-12-31"}, "rq_basin": "atlantic", "rq_versions": {"a": {"begin": "1959-10-15", "end": "2018-12-31", "coordinates": [295.7333, -65.25]}}}}, {"type": "Feature", "geometry": {"type": "Point", "coordinates": [16.8667, -29.25]}, "properties": {"name": "Port Nolloth", "timezone_name": "Africa/Johannesburg", "uhslc_id": 701, "uhslc_code": "ptno", "ssc_id": "ptno", "gloss_id": 0, "country": "South Africa", "country_code": "710", "country_code_alpha": "ZA", "fd_span": {"oldest": "1958-01-03", "latest": "2016-06-03"}, "rq_span": {"oldest": "1958-01-03", "latest": "2016-06-03"}, "rq_basin": "atlantic", "rq_versions": {"a": {"begin": "1958-01-03", "end": "2016-06-03", "coordinates": [16.8667, -29.25]}}}}, {"type": "Feature", "geometry": {"type": "Point", "coordinates": [15.15, -26.65]}, "properties": {"name": "Luderitz", "timezone_name": "Africa/Windhoek", "uhslc_id": 702, "uhslc_code": "lude", "ssc_id": "lude", "gloss_id": 0, "country": "Namibia", "country_code": "516", "country_code_alpha": "NA", "fd_span": {"oldest": "1958-08-10", "latest": "2015-10-28"}, "rq_span": {"oldest": "1958-08-10", "latest": "2015-10-28"}, "rq_basin": "atlantic", "rq_versions": {"a": {"begin": "1958-08-10", "end": "2015-10-28", "coordinates": [15.15, -26.65]}}}}, {"type": "Feature", "geometry": {"type": "Point", "coordinates": [17.95, -33.0167]}, "properties": {"name": "Saldahna Bay", "timezone_name": "Africa/Johannesburg", "uhslc_id": 703, "uhslc_code": "sald", "ssc_id": "sald", "gloss_id": 0, "country": "South Africa", "country_code": "710", "country_code_alpha": "ZA", "fd_span": {"oldest": "1973-09-17", "latest": "2018-10-31"}, "rq_span": {"oldest": "1973-09-17", "latest": "2016-08-21"}, "rq_basin": "atlantic", "rq_versions": {"a": {"begin": "1973-09-17", "end": "2016-08-21", "coordinates": [17.95, -33.0167]}}}}, {"type": "Feature", "geometry": {"type": "Point", "coordinates": [18.4333, -33.9]}, "properties": {"name": "Granger Bay, Cape Town", "timezone_name": "Africa/Johannesburg", "uhslc_id": 704, "uhslc_code": "cape", "ssc_id": "cape", "gloss_id": 0, "country": "South Africa", "country_code": "710", "country_code_alpha": "ZA", "fd_span": {"oldest": "1967-06-15", "latest": "2018-10-31"}, "rq_span": {"oldest": "1967-06-15", "latest": "2014-12-31"}, "rq_basin": "atlantic", "rq_versions": {"a": {"begin": "1967-06-15", "end": "2014-12-31", "coordinates": [18.4333, -33.9]}}}}, {"type": "Feature", "geometry": {"type": "Point", "coordinates": [321.48278, -12.97389]}, "properties": {"name": "Salvador", "timezone_name": "America/Bahia", "uhslc_id": 708, "uhslc_code": "salv", "ssc_id": "salv", "gloss_id": 334, "country": "Brazil", "country_code": "076", "country_code_alpha": "BR", "fd_span": {"oldest": "2004-10-03", "latest": "2026-06-30"}, "rq_span": {"oldest": "1955-01-01", "latest": "2018-12-31"}, "rq_basin": "atlantic", "rq_versions": {"a": {"begin": "1955-01-01", "end": "1964-12-31", "coordinates": [321.4833, -12.9667]}, "b": {"begin": "2004-10-02", "end": "2018-12-31", "coordinates": [321.48278, -12.97389]}}}}, {"type": "Feature", "geometry": {"type": "Point", "coordinates": [302.46158, -38.00061]}, "properties": {"name": "Mar del Plata", "timezone_name": "America/Buenos_Aires", "uhslc_id": 729, "uhslc_code": "plat", "ssc_id": "plat2", "gloss_id": 192, "country": "Argentina", "country_code": "032", "country_code_alpha": "AR", "fd_span": {"oldest": "2010-03-24", "latest": "2026-06-30"}, "rq_span": {"oldest": "2004-11-15", "latest": "2024-12-31"}, "rq_basin": "atlantic", "rq_versions": {"a": {"begin": "2004-11-15", "end": "2009-01-30", "coordinates": [302.45, -38.05]}, "b": {"begin": "2010-03-24", "end": "2024-12-31", "coordinates": [302.46158, -38.00061]}}}}, {"type": "Feature", "geometry": {"type": "Point", "coordinates": [300.335, -62.4783]}, "properties": {"name": "Base Prat", "timezone_name": "America/Santiago", "uhslc_id": 730, "uhslc_code": "prat", "ssc_id": "prat", "gloss_id": 189, "country": "Antarctica", "country_code": "010", "country_code_alpha": "AQ", "fd_span": {"oldest": "2010-03-10", "latest": "2026-06-30"}, "rq_span": {"oldest": "1984-03-08", "latest": "2018-12-31"}, "rq_basin": "atlantic", "rq_versions": {"a": {"begin": "1984-03-08", "end": "2002-12-31", "coordinates": [300.3667, -62.4833]}, "b": {"begin": "2009-02-14", "end": "2018-12-31", "coordinates": [300.335, -62.4783]}}}}, {"type": "Feature", "geometry": {"type": "Point", "coordinates": [294.96916, -42.76268]}, "properties": {"name": "Puerto Madryn", "timezone_name": "America/Catamarca", "uhslc_id": 731, "uhslc_code": "pmad", "ssc_id": "madry", "gloss_id": 191, "country": "Argentina", "country_code": "032", "country_code_alpha": "AR", "fd_span": {"oldest": "2010-03-15", "latest": "2026-06-30"}, "rq_span": {"oldest": "2010-03-14", "latest": "2024-12-31"}, "rq_basin": "atlantic", "rq_versions": {"a": {"begin": "2010-03-14", "end": "2024-12-31", "coordinates": [294.96916, -42.76268]}}}}, {"type": "Feature", "geometry": {"type": "Point", "coordinates": [278.29855, 12.5695]}, "properties": {"name": "San Andres", "timezone_name": "America/Bogota", "uhslc_id": 737, "uhslc_code": "sana", "ssc_id": "sana", "gloss_id": 0, "country": "Colombia", "country_code": "170", "country_code_alpha": "CO", "fd_span": {"oldest": "1997-01-02", "latest": "2026-06-30"}, "rq_span": {"oldest": "1997-01-01", "latest": "2024-12-31"}, "rq_basin": "atlantic", "rq_versions": {"a": {"begin": "1997-01-01", "end": "2024-12-31", "coordinates": [278.29855, 12.5695]}}}}, {"type": "Feature", "geometry": {"type": "Point", "coordinates": [285.77845, 11.2351]}, "properties": {"name": "Santa Marta", "timezone_name": "America/Bogota", "uhslc_id": 738, "uhslc_code": "sama", "ssc_id": "sama2", "gloss_id": 0, "country": "Colombia", "country_code": "170", "country_code_alpha": "CO", "fd_span": {"oldest": "2012-10-01", "latest": "2026-02-03"}, "rq_span": {"oldest": "2012-10-01", "latest": "2024-12-31"}, "rq_basin": "atlantic", "rq_versions": {"a": {"begin": "2012-10-01", "end": "2024-12-31", "coordinates": [285.77845, 11.2351]}}}}, {"type": "Feature", "geometry": {"type": "Point", "coordinates": [281.05082, 9.55825]}, "properties": {"name": "El Porvenir", "timezone_name": "America/Panama", "uhslc_id": 739, "uhslc_code": "pven", "ssc_id": "elpo", "gloss_id": 0, "country": "Panama", "country_code": "591", "country_code_alpha": "PA", "fd_span": {"oldest": "2012-08-23", "latest": "2026-06-30"}, "rq_span": {"oldest": "2012-08-22", "latest": "2024-12-31"}, "rq_basin": "atlantic", "rq_versions": {"a": {"begin": "2012-08-22", "end": "2024-12-31", "coordinates": [281.05082, 9.55825]}}}}, {"type": "Feature", "geometry": {"type": "Point", "coordinates": [279.0983, 32.0333]}, "properties": {"name": "Fort Pulaski", "timezone_name": "America/New_York", "uhslc_id": 752, "uhslc_code": "forp", "ssc_id": "forp", "gloss_id": 289, "country": "United States of America", "country_code": "840", "country_code_alpha": "US", "fd_span": {"oldest": "1935-07-02", "latest": "2026-06-30"}, "rq_span": {"oldest": "1935-07-01", "latest": "2021-12-31"}, "rq_basin": "atlantic", "rq_versions": {"a": {"begin": "1935-07-01", "end": "2021-12-31", "coordinates": [279.0983, 32.0333]}}}}, {"type": "Feature", "geometry": {"type": "Point", "coordinates": [279.8383, 25.7317]}, "properties": {"name": "Virginia Key", "timezone_name": "America/New_York", "uhslc_id": 755, "uhslc_code": "virk", "ssc_id": "virk", "gloss_id": 332, "country": "United States of America", "country_code": "840", "country_code_alpha": "US", "fd_span": {"oldest": "1994-01-29", "latest": "2026-06-30"}, "rq_span": {"oldest": "1994-01-28", "latest": "2021-12-31"}, "rq_basin": "atlantic", "rq_versions": {"a": {"begin": "1994-01-28", "end": "2021-12-31", "coordinates": [279.8383, 25.7317]}}}}, {"type": "Feature", "geometry": {"type": "Point", "coordinates": [272.7867, 30.4033]}, "properties": {"name": "Pensacola", "timezone_name": "America/New_York", "uhslc_id": 762, "uhslc_code": "pens", "ssc_id": "pens", "gloss_id": 288, "country": "United States of America", "country_code": "840", "country_code_alpha": "US", "fd_span": {"oldest": "1923-05-02", "latest": "2026-06-30"}, "rq_span": {"oldest": "1923-05-01", "latest": "2021-12-31"}, "rq_basin": "atlantic", "rq_versions": {"a": {"begin": "1923-05-01", "end": "2021-12-31", "coordinates": [272.7867, 30.4033]}}}}, {"type": "Feature", "geometry": {"type": "Point", "coordinates": [265.21, 29.2867]}, "properties": {"name": "Galveston, Pleasure Pier", "timezone_name": "America/Chicago", "uhslc_id": 767, "uhslc_code": "gapp", "ssc_id": "gapp", "gloss_id": 0, "country": "United States of America", "country_code": "840", "country_code_alpha": "US", "fd_span": {"oldest": "1957-08-21", "latest": "2011-07-20"}, "rq_span": {"oldest": "1957-08-21", "latest": "2011-07-20"}, "rq_basin": "atlantic", "rq_versions": {"a": {"begin": "1957-08-21", "end": "2011-07-20", "coordinates": [265.21, 29.2867]}}}}, {"type": "Feature", "geometry": {"type": "Point", "coordinates": [265.2067, 29.31]}, "properties": {"name": "Galveston, Pier 21", "timezone_name": "US/Central", "uhslc_id": 775, "uhslc_code": "galv", "ssc_id": "galv", "gloss_id": 217, "country": "United States of America", "country_code": "840", "country_code_alpha": "US", "fd_span": {"oldest": "1904-01-02", "latest": "2026-06-30"}, "rq_span": {"oldest": "1904-01-01", "latest": "2021-12-31"}, "rq_basin": "atlantic", "rq_versions": {"a": {"begin": "1904-01-01", "end": "2021-12-31", "coordinates": [265.2067, 29.31]}}}}, {"type": "Feature", "geometry": {"type": "Point", "coordinates": [291.62423, 18.50485]}, "properties": {"name": "Punta Cana", "timezone_name": "America/Santo_Domingo", "uhslc_id": 776, "uhslc_code": "punt", "ssc_id": "ptca", "gloss_id": 0, "country": "Dominican Republic", "country_code": "214", "country_code_alpha": "DO", "fd_span": {"oldest": "2010-06-19", "latest": "2026-06-30"}, "rq_span": {"oldest": "2010-06-18", "latest": "2024-12-31"}, "rq_basin": "atlantic", "rq_versions": {"a": {"begin": "2010-06-18", "end": "2024-12-31", "coordinates": [291.62423, 18.50485]}}}}, {"type": "Feature", "geometry": {"type": "Point", "coordinates": [289.29795, 19.79875]}, "properties": {"name": "Puerto Plata", "timezone_name": "America/Santo_Domingo", "uhslc_id": 777, "uhslc_code": "pplt", "ssc_id": "ptpl", "gloss_id": 0, "country": "Dominican Republic", "country_code": "214", "country_code_alpha": "DO", "fd_span": {"oldest": "2010-06-22", "latest": "2026-06-30"}, "rq_span": {"oldest": "2010-06-22", "latest": "2017-09-04"}, "rq_basin": "atlantic", "rq_versions": {"a": {"begin": "2010-06-22", "end": "2017-09-04", "coordinates": [289.29795, 19.79875]}}}}, {"type": "Feature", "geometry": {"type": "Point", "coordinates": [298.61086, 15.3139]}, "properties": {"name": "Roseau", "timezone_name": "America/Dominica", "uhslc_id": 786, "uhslc_code": "rose", "ssc_id": "rose", "gloss_id": 0, "country": "Dominica", "country_code": "212", "country_code_alpha": "DM", "fd_span": {"oldest": "2011-05-17", "latest": "2026-06-30"}, "rq_span": {"oldest": "2011-05-16", "latest": "2017-09-04"}, "rq_basin": "atlantic", "rq_versions": {"a": {"begin": "2011-05-16", "end": "2017-09-04", "coordinates": [298.61086, 15.3139]}}}}, {"type": "Feature", "geometry": {"type": "Point", "coordinates": [298.23479, 12.0055]}, "properties": {"name": "Prickley Bay", "timezone_name": "America/Grenada", "uhslc_id": 789, "uhslc_code": "pric", "ssc_id": "pric", "gloss_id": 0, "country": "Grenada", "country_code": "308", "country_code_alpha": "GD", "fd_span": {"oldest": "2011-05-11", "latest": "2026-06-30"}, "rq_span": {"oldest": "2011-05-10", "latest": "2024-12-31"}, "rq_basin": "atlantic", "rq_versions": {"a": {"begin": "2011-05-10", "end": "2024-12-31", "coordinates": [298.23479, 12.0055]}}}}, {"type": "Feature", "geometry": {"type": "Point", "coordinates": [298.8, 13.133]}, "properties": {"name": "Chateaubelair", "timezone_name": "America/St_Vincent", "uhslc_id": 795, "uhslc_code": "chki", "ssc_id": "chat", "gloss_id": 0, "country": "Saint Vincent and the Grenadines", "country_code": "670", "country_code_alpha": "VC", "fd_span": {"oldest": "2022-03-28", "latest": "2026-06-30"}, "rq_span": {"oldest": null, "latest": null}, "rq_basin": "atlantic", "rq_versions": null}}, {"type": "Feature", "geometry": {"type": "Point", "coordinates": [287.65, 18.5667]}, "properties": {"name": "Port-au-Prince", "timezone_name": "America/Port-au-Prince", "uhslc_id": 799, "uhslc_code": "hati", "ssc_id": "ptpr", "gloss_id": 209, "country": "Haiti", "country_code": "332", "country_code_alpha": "HT", "fd_span": {"oldest": "2011-12-01", "latest": "2026-06-30"}, "rq_span": {"oldest": "2011-11-30", "latest": "2018-12-31"}, "rq_basin": "atlantic", "rq_versions": {"a": {"begin": "2011-11-30", "end": "2018-12-31", "coordinates": [287.65, 18.5667]}}}}, {"type": "Feature", "geometry": {"type": "Point", "coordinates": [16.15, 69.3167]}, "properties": {"name": "Andenes", "timezone_name": "Europe/Oslo", "uhslc_id": 800, "uhslc_code": "ande", "ssc_id": "ande", "gloss_id": 322, "country": "Norway", "country_code": "578", "country_code_alpha": "NO", "fd_span": {"oldest": "1991-10-10", "latest": "2026-06-30"}, "rq_span": {"oldest": "1991-10-09", "latest": "2018-12-31"}, "rq_basin": "atlantic", "rq_versions": {"a": {"begin": "1991-10-09", "end": "2018-12-31", "coordinates": [16.15, 69.3167]}}}}, {"type": "Feature", "geometry": {"type": "Point", "coordinates": [25.9833, 70.9833]}, "properties": {"name": "Honningsvag", "timezone_name": "Europe/Oslo", "uhslc_id": 801, "uhslc_code": "honn", "ssc_id": "honn", "gloss_id": 0, "country": "Norway", "country_code": "578", "country_code_alpha": "NO", "fd_span": {"oldest": "1988-06-02", "latest": "2026-06-30"}, "rq_span": {"oldest": "1988-06-01", "latest": "2014-12-31"}, "rq_basin": "atlantic", "rq_versions": {"a": {"begin": "1988-06-01", "end": "2014-12-31", "coordinates": [25.9833, 70.9833]}}}}, {"type": "Feature", "geometry": {"type": "Point", "coordinates": [5.1167, 61.9333]}, "properties": {"name": "Maloy", "timezone_name": "Europe/Oslo", "uhslc_id": 802, "uhslc_code": "malo", "ssc_id": "malo", "gloss_id": 0, "country": "Norway", "country_code": "578", "country_code_alpha": "NO", "fd_span": {"oldest": "1986-04-22", "latest": "2026-06-30"}, "rq_span": {"oldest": "1986-04-21", "latest": "2014-12-31"}, "rq_basin": "atlantic", "rq_versions": {"a": {"begin": "1986-04-21", "end": "2014-12-31", "coordinates": [5.1167, 61.9333]}}}}, {"type": "Feature", "geometry": {"type": "Point", "coordinates": [11.25, 64.8667]}, "properties": {"name": "Rorvik", "timezone_name": "Europe/Oslo", "uhslc_id": 803, "uhslc_code": "rorv", "ssc_id": "rorv", "gloss_id": 234, "country": "Norway", "country_code": "578", "country_code_alpha": "NO", "fd_span": {"oldest": "1969-08-19", "latest": "2026-06-30"}, "rq_span": {"oldest": "1969-08-18", "latest": "2018-12-31"}, "rq_basin": "atlantic", "rq_versions": {"a": {"begin": "1969-08-18", "end": "2018-12-31", "coordinates": [11.25, 64.8667]}}}}, {"type": "Feature", "geometry": {"type": "Point", "coordinates": [7.5667, 58.0]}, "properties": {"name": "Tregde", "timezone_name": "Europe/Oslo", "uhslc_id": 804, "uhslc_code": "treg", "ssc_id": "treg", "gloss_id": 321, "country": "Norway", "country_code": "578", "country_code_alpha": "NO", "fd_span": {"oldest": "1927-10-05", "latest": "2026-06-30"}, "rq_span": {"oldest": "1927-10-04", "latest": "2018-12-31"}, "rq_basin": "atlantic", "rq_versions": {"a": {"begin": "1927-10-04", "end": "2018-12-31", "coordinates": [7.5667, 58.0]}}}}, {"type": "Feature", "geometry": {"type": "Point", "coordinates": [31.1, 70.3333]}, "properties": {"name": "Vardo", "timezone_name": "Europe/Oslo", "uhslc_id": 805, "uhslc_code": "vard", "ssc_id": "vard", "gloss_id": 323, "country": "Norway", "country_code": "578", "country_code_alpha": "NO", "fd_span": {"oldest": "1947-09-11", "latest": "2026-06-30"}, "rq_span": {"oldest": "1947-09-10", "latest": "2018-12-31"}, "rq_basin": "atlantic", "rq_versions": {"a": {"begin": "1947-09-10", "end": "2018-12-31", "coordinates": [31.1, 70.3333]}}}}, {"type": "Feature", "geometry": {"type": "Point", "coordinates": [343.9633, 17.99]}, "properties": {"name": "Nouakchott", "timezone_name": "Africa/Nouakchott", "uhslc_id": 806, "uhslc_code": "noct", "ssc_id": "noct", "gloss_id": 0, "country": "Mauritania", "country_code": "478", "country_code_alpha": "MR", "fd_span": {"oldest": "2007-01-05", "latest": "2024-05-08"}, "rq_span": {"oldest": "2007-01-05", "latest": "2015-02-09"}, "rq_basin": "atlantic", "rq_versions": {"a": {"begin": "2007-01-05", "end": "2015-02-09", "coordinates": [343.9633, 17.99]}}}}, {"type": "Feature", "geometry": {"type": "Point", "coordinates": [29.9233, 31.2117]}, "properties": {"name": "Alexandria", "timezone_name": "Africa/Cairo", "uhslc_id": 807, "uhslc_code": "alex", "ssc_id": "alex", "gloss_id": 349, "country": "Egypt", "country_code": "818", "country_code_alpha": "EG", "fd_span": {"oldest": "2009-11-06", "latest": "2016-01-21"}, "rq_span": {"oldest": "2009-11-06", "latest": "2016-01-17"}, "rq_basin": "atlantic", "rq_versions": {"a": {"begin": "2009-11-06", "end": "2016-01-17", "coordinates": [29.9233, 31.2117]}}}}, {"type": "Feature", "geometry": {"type": "Point", "coordinates": [291.1374, 76.5434]}, "properties": {"name": "Thule (Pituffik)", "timezone_name": "America/Thule", "uhslc_id": 808, "uhslc_code": "thul", "ssc_id": "thul", "gloss_id": 343, "country": "Greenland", "country_code": "304", "country_code_alpha": "GL", "fd_span": {"oldest": "2006-09-19", "latest": "2026-06-30"}, "rq_span": {"oldest": null, "latest": null}, "rq_basin": "atlantic", "rq_versions": null}}, {"type": "Feature", "geometry": {"type": "Point", "coordinates": [338.017, 70.483]}, "properties": {"name": "Ittoqqortoormiit", "timezone_name": "America/Scoresbysund", "uhslc_id": 809, "uhslc_code": "scor", "ssc_id": "scor", "gloss_id": 315, "country": "Greenland", "country_code": "304", "country_code_alpha": "GL", "fd_span": {"oldest": "2007-10-16", "latest": "2026-06-30"}, "rq_span": {"oldest": null, "latest": null}, "rq_basin": "atlantic", "rq_versions": null}}, {"type": "Feature", "geometry": {"type": "Point", "coordinates": [9.1267, 4.0067]}, "properties": {"name": "Port Sonara", "timezone_name": "Africa/Douala", "uhslc_id": 816, "uhslc_code": "sona", "ssc_id": "sona", "gloss_id": 350, "country": "Cameroon", "country_code": "120", "country_code_alpha": "CM", "fd_span": {"oldest": "2008-06-23", "latest": "2011-06-25"}, "rq_span": {"oldest": "2008-06-23", "latest": "2011-06-25"}, "rq_basin": "atlantic", "rq_versions": {"a": {"begin": "2008-06-23", "end": "2011-06-25", "coordinates": [9.1267, 4.0067]}}}}, {"type": "Feature", "geometry": {"type": "Point", "coordinates": [303.85333, 72.78861]}, "properties": {"name": "Upernavik Harbour", "timezone_name": "America/Nuuk", "uhslc_id": 817, "uhslc_code": "uper", "ssc_id": "uper", "gloss_id": 0, "country": "Greenland", "country_code": "304", "country_code_alpha": "GL", "fd_span": {"oldest": "2024-08-16", "latest": "2026-06-30"}, "rq_span": {"oldest": null, "latest": null}, "rq_basin": "atlantic", "rq_versions": null}}, {"type": "Feature", "geometry": {"type": "Point", "coordinates": [11.215, 58.35]}, "properties": {"name": "Smogen", "timezone_name": "Europe/Stockholm", "uhslc_id": 818, "uhslc_code": "smog", "ssc_id": "smog", "gloss_id": 0, "country": "Sweden", "country_code": "752", "country_code_alpha": "SE", "fd_span": {"oldest": "2000-01-01", "latest": "2026-05-31"}, "rq_span": {"oldest": null, "latest": null}, "rq_basin": "atlantic", "rq_versions": null}}, {"type": "Feature", "geometry": {"type": "Point", "coordinates": [11.79, 57.685]}, "properties": {"name": "Goteborg-Torshamnen", "timezone_name": "Europe/Stockholm", "uhslc_id": 819, "uhslc_code": "goto", "ssc_id": "goto", "gloss_id": 233, "country": "Sweden", "country_code": "752", "country_code_alpha": "SE", "fd_span": {"oldest": "1967-11-02", "latest": "2023-01-19"}, "rq_span": {"oldest": "1967-11-02", "latest": "2014-12-31"}, "rq_basin": "atlantic", "rq_versions": {"a": {"begin": "1967-11-02", "end": "2014-12-31", "coordinates": [11.79, 57.685]}}}}, {"type": "Feature", "geometry": {"type": "Point", "coordinates": [308.28, 64.172]}, "properties": {"name": "Nuuk", "timezone_name": "America/Nuuk", "uhslc_id": 820, "uhslc_code": "nuuk", "ssc_id": "nuuk", "gloss_id": 225, "country": "Greenland", "country_code": "304", "country_code_alpha": "GL", "fd_span": {"oldest": "2014-07-05", "latest": "2026-06-30"}, "rq_span": {"oldest": null, "latest": null}, "rq_basin": "atlantic", "rq_versions": null}}, {"type": "Feature", "geometry": {"type": "Point", "coordinates": [355.505, 48.3833]}, "properties": {"name": "Brest", "timezone_name": "Europe/Paris", "uhslc_id": 822, "uhslc_code": "bres", "ssc_id": "bres", "gloss_id": 242, "country": "France", "country_code": "250", "country_code_alpha": "FR", "fd_span": {"oldest": "1846-01-04", "latest": "2026-06-30"}, "rq_span": {"oldest": "1846-01-04", "latest": "2018-12-31"}, "rq_basin": "atlantic", "rq_versions": {"a": {"begin": "1846-01-04", "end": "2018-12-31", "coordinates": [355.505, 48.3833]}}}}, {"type": "Feature", "geometry": {"type": "Point", "coordinates": [11.9383, 78.9383]}, "properties": {"name": "Ny-Alesund", "timezone_name": "Arctic/Longyearbyen", "uhslc_id": 823, "uhslc_code": "nyal", "ssc_id": "nyal", "gloss_id": 345, "country": "Svalbard and Jan Mayen", "country_code": "744", "country_code_alpha": "SJ", "fd_span": {"oldest": "1976-08-31", "latest": "2026-06-30"}, "rq_span": {"oldest": "1976-08-30", "latest": "2018-12-30"}, "rq_basin": "atlantic", "rq_versions": {"a": {"begin": "1976-08-30", "end": "2018-12-30", "coordinates": [11.9383, 78.9383]}}}}, {"type": "Feature", "geometry": {"type": "Point", "coordinates": [5.3533, 43.2783]}, "properties": {"name": "Marseille", "timezone_name": "Europe/Paris", "uhslc_id": 824, "uhslc_code": "mars", "ssc_id": "mars", "gloss_id": 205, "country": "France", "country_code": "250", "country_code_alpha": "FR", "fd_span": {"oldest": "1849-11-02", "latest": "2026-06-30"}, "rq_span": {"oldest": "1849-11-01", "latest": "2018-12-31"}, "rq_basin": "atlantic", "rq_versions": {"a": {"begin": "1849-11-01", "end": "2018-12-31", "coordinates": [5.3533, 43.2783]}}}}, {"type": "Feature", "geometry": {"type": "Point", "coordinates": [8.7167, 53.8667]}, "properties": {"name": "Cuxhaven, Steubenhoft", "timezone_name": "Europe/Berlin", "uhslc_id": 825, "uhslc_code": "cuxh", "ssc_id": "cuxh", "gloss_id": 284, "country": "Germany", "country_code": "276", "country_code_alpha": "DE", "fd_span": {"oldest": "1917-12-29", "latest": "2026-06-30"}, "rq_span": {"oldest": "1917-12-29", "latest": "2023-07-11"}, "rq_basin": "atlantic", "rq_versions": {"a": {"begin": "1917-12-29", "end": "2023-07-11", "coordinates": [8.7167, 53.8667]}}}}, {"type": "Feature", "geometry": {"type": "Point", "coordinates": [18.0817, 59.325]}, "properties": {"name": "Stockholm", "timezone_name": "Europe/Stockholm", "uhslc_id": 826, "uhslc_code": "sthm", "ssc_id": "sthm", "gloss_id": 341, "country": "Sweden", "country_code": "752", "country_code_alpha": "SE", "fd_span": {"oldest": "1889-01-01", "latest": "2026-06-30"}, "rq_span": {"oldest": "1889-01-01", "latest": "2014-12-31"}, "rq_basin": "atlantic", "rq_versions": {"a": {"begin": "1889-01-01", "end": "2014-12-31", "coordinates": [18.0817, 59.325]}}}}, {"type": "Feature", "geometry": {"type": "Point", "coordinates": [13.75, 45.65]}, "properties": {"name": "Trieste", "timezone_name": "Europe/Rome", "uhslc_id": 829, "uhslc_code": "trst", "ssc_id": "trst", "gloss_id": 340, "country": "Italy", "country_code": "380", "country_code_alpha": "IT", "fd_span": {"oldest": "2009-06-01", "latest": "2026-06-30"}, "rq_span": {"oldest": null, "latest": null}, "rq_basin": "atlantic", "rq_versions": null}}, {"type": "Feature", "geometry": {"type": "Point", "coordinates": [351.6, 43.3667]}, "properties": {"name": "La Coruna", "timezone_name": "Europe/Madrid", "uhslc_id": 830, "uhslc_code": "coru", "ssc_id": "coru", "gloss_id": 243, "country": "Spain", "country_code": "724", "country_code_alpha": "ES", "fd_span": {"oldest": "1943-03-01", "latest": "2024-03-20"}, "rq_span": {"oldest": "1943-03-01", "latest": "2017-12-31"}, "rq_basin": "atlantic", "rq_versions": {"a": {"begin": "1943-03-01", "end": "2017-12-31", "coordinates": [351.6, 43.3667]}}}}, {"type": "Feature", "geometry": {"type": "Point", "coordinates": [298.31669999999997, 56.55]}, "properties": {"name": "Nain", "timezone_name": "Canada/Atlantic", "uhslc_id": 833, "uhslc_code": "nain", "ssc_id": "nain", "gloss_id": 224, "country": "Canada", "country_code": "124", "country_code_alpha": "CA", "fd_span": {"oldest": "1963-10-18", "latest": "2026-06-30"}, "rq_span": {"oldest": "1963-10-17", "latest": "2018-12-31"}, "rq_basin": "atlantic", "rq_versions": {"a": {"begin": "1963-10-17", "end": "2018-12-31", "coordinates": [298.31669999999997, 56.55]}}}}, {"type": "Feature", "geometry": {"type": "Point", "coordinates": [352.6667, 55.3667]}, "properties": {"name": "Malin Head", "timezone_name": "Europe/Dublin", "uhslc_id": 834, "uhslc_code": "mali", "ssc_id": "mali", "gloss_id": 239, "country": "Ireland", "country_code": "372", "country_code_alpha": "IE", "fd_span": {"oldest": "1958-01-16", "latest": "2026-02-10"}, "rq_span": {"oldest": "1958-01-16", "latest": "2001-12-31"}, "rq_basin": "atlantic", "rq_versions": {"a": {"begin": "1958-01-16", "end": "2001-12-31", "coordinates": [352.6667, 55.3667]}}}}, {"type": "Feature", "geometry": {"type": "Point", "coordinates": [350.0967, 51.65]}, "properties": {"name": "Castletownbere", "timezone_name": "Europe/Dublin", "uhslc_id": 835, "uhslc_code": "catb", "ssc_id": "catb", "gloss_id": 330, "country": "Ireland", "country_code": "372", "country_code_alpha": "IE", "fd_span": {"oldest": "2004-12-17", "latest": "2026-06-30"}, "rq_span": {"oldest": "2004-12-17", "latest": "2008-12-31"}, "rq_basin": "atlantic", "rq_versions": {"a": {"begin": "2004-12-17", "end": "2008-12-31", "coordinates": [350.0967, 51.65]}}}}, {"type": "Feature", "geometry": {"type": "Point", "coordinates": [297.683, 82.492]}, "properties": {"name": "Alert", "timezone_name": "America/Iqaluit", "uhslc_id": 836, "uhslc_code": "aler", "ssc_id": "aler", "gloss_id": 333, "country": "Canada", "country_code": "124", "country_code_alpha": "CA", "fd_span": {"oldest": "2018-09-01", "latest": "2024-01-01"}, "rq_span": {"oldest": null, "latest": null}, "rq_basin": "atlantic", "rq_versions": null}}, {"type": "Feature", "geometry": {"type": "Point", "coordinates": [290.98040000000003, 12.18728]}, "properties": {"name": "Bullen Bay", "timezone_name": "America/Curacao", "uhslc_id": 878, "uhslc_code": "bull", "ssc_id": "bull", "gloss_id": 0, "country": "Cura\u00e7ao", "country_code": "531", "country_code_alpha": "CW", "fd_span": {"oldest": "2013-10-17", "latest": "2026-06-30"}, "rq_span": {"oldest": "2013-10-16", "latest": "2024-12-31"}, "rq_basin": "atlantic", "rq_versions": {"a": {"begin": "2013-10-16", "end": "2024-12-31", "coordinates": [290.98040000000003, 12.18728]}}}}, {"type": "Feature", "geometry": {"type": "Point", "coordinates": [35.3767, -23.8683]}, "properties": {"name": "Inhambane", "timezone_name": "Africa/Maputo", "uhslc_id": 900, "uhslc_code": "inha", "ssc_id": "inha", "gloss_id": 10, "country": "Mozambique", "country_code": "508", "country_code_alpha": "MZ", "fd_span": {"oldest": "2007-05-07", "latest": "2014-09-09"}, "rq_span": {"oldest": "2007-05-07", "latest": "2014-09-09"}, "rq_basin": "indian", "rq_versions": {"a": {"begin": "2007-05-07", "end": "2014-09-09", "coordinates": [35.3767, -23.8683]}}}}, {"type": "Feature", "geometry": {"type": "Point", "coordinates": [97.62193, 16.46557]}, "properties": {"name": "Moulmein", "timezone_name": "Asia/Yangon", "uhslc_id": 906, "uhslc_code": "moul", "ssc_id": "moul", "gloss_id": 141, "country": "Myanmar", "country_code": "104", "country_code_alpha": "MM", "fd_span": {"oldest": "2006-12-01", "latest": "2023-06-14"}, "rq_span": {"oldest": "2006-12-01", "latest": "2020-06-13"}, "rq_basin": "indian", "rq_versions": {"a": {"begin": "2006-12-01", "end": "2020-06-13", "coordinates": [97.62193, 16.46557]}}}}, {"type": "Feature", "geometry": {"type": "Point", "coordinates": [92.90337, 20.14055]}, "properties": {"name": "Sittwe (Akyab)", "timezone_name": "Asia/Yangon", "uhslc_id": 907, "uhslc_code": "sitt", "ssc_id": "sitt", "gloss_id": 37, "country": "Myanmar", "country_code": "104", "country_code_alpha": "MM", "fd_span": {"oldest": "2006-09-07", "latest": "2025-09-15"}, "rq_span": {"oldest": "2006-09-07", "latest": "2024-12-31"}, "rq_basin": "indian", "rq_versions": {"a": {"begin": "2006-09-07", "end": "2024-12-31", "coordinates": [92.90337, 20.14055]}}}}, {"type": "Feature", "geometry": {"type": "Point", "coordinates": [92.767, 11.683]}, "properties": {"name": "Port Blair", "timezone_name": "Asia/Colombo", "uhslc_id": 908, "uhslc_code": "ptbl", "ssc_id": "ptbl", "gloss_id": 38, "country": "India", "country_code": "356", "country_code_alpha": "IN", "fd_span": {"oldest": "2022-11-01", "latest": "2026-06-24"}, "rq_span": {"oldest": null, "latest": null}, "rq_basin": "indian", "rq_versions": null}}, {"type": "Feature", "geometry": {"type": "Point", "coordinates": [97.8167, 0.55]}, "properties": {"name": "Telukdalam", "timezone_name": "Asia/Jakarta", "uhslc_id": 913, "uhslc_code": "teda", "ssc_id": "teda", "gloss_id": 0, "country": "Indonesia", "country_code": "360", "country_code_alpha": "ID", "fd_span": {"oldest": "2008-08-25", "latest": "2016-01-31"}, "rq_span": {"oldest": null, "latest": null}, "rq_basin": "indian", "rq_versions": null}}, {"type": "Feature", "geometry": {"type": "Point", "coordinates": [96.21667, 4.316667]}, "properties": {"name": "Meulaboh", "timezone_name": "Asia/Jakarta", "uhslc_id": 914, "uhslc_code": "meul", "ssc_id": "meul", "gloss_id": 0, "country": "Indonesia", "country_code": "360", "country_code_alpha": "ID", "fd_span": {"oldest": "2008-10-26", "latest": "2016-09-27"}, "rq_span": {"oldest": null, "latest": null}, "rq_basin": "indian", "rq_versions": null}}, {"type": "Feature", "geometry": {"type": "Point", "coordinates": [60.6033, 25.2967]}, "properties": {"name": "Chabahar", "timezone_name": "Asia/Tehran", "uhslc_id": 915, "uhslc_code": "chab", "ssc_id": "chab", "gloss_id": 337, "country": "Iran, Islamic Republic of", "country_code": "364", "country_code_alpha": "IR", "fd_span": {"oldest": "2007-10-31", "latest": "2019-06-23"}, "rq_span": {"oldest": "2007-10-31", "latest": "2016-12-31"}, "rq_basin": "indian", "rq_versions": {"a": {"begin": "2007-10-31", "end": "2016-12-31", "coordinates": [60.6033, 25.2967]}}}}, {"type": "Feature", "geometry": {"type": "Point", "coordinates": [37.867, -46.867]}, "properties": {"name": "Marion Island", "timezone_name": "Africa/Johannesburg", "uhslc_id": 920, "uhslc_code": "mais", "ssc_id": "mais", "gloss_id": 20, "country": "South Africa", "country_code": "710", "country_code_alpha": "ZA", "fd_span": {"oldest": "2007-09-27", "latest": "2025-05-01"}, "rq_span": {"oldest": null, "latest": null}, "rq_basin": "indian", "rq_versions": null}}, {"type": "Feature", "geometry": {"type": "Point", "coordinates": [40.183, -10.283]}, "properties": {"name": "Mtwara", "timezone_name": "Africa/Dar_es_Salaam", "uhslc_id": 922, "uhslc_code": "tanz", "ssc_id": "tanz", "gloss_id": 9, "country": "Tanzania, United Republic of", "country_code": "834", "country_code_alpha": "TZ", "fd_span": {"oldest": "2018-08-28", "latest": "2019-03-31"}, "rq_span": {"oldest": null, "latest": null}, "rq_basin": "indian", "rq_versions": null}}]}